Id,ActivityDay,TotalDistance,TotalActiveHours,SedentaryHours
1624580081,01/05/2016,28,7,17
8877689391,30/04/2016,27,5.85,18.15
1503960366,12/05/2016,0,0,24
1844505072,19/04/2016,0,0.166666667,23.83333333
1844505072,20/04/2016,0,0.016666667,23.98333333
1844505072,24/04/2016,0,0,24
1844505072,25/04/2016,0,0,24
1844505072,26/04/2016,0,0,24
1844505072,27/04/2016,0,0.016666667,23.98333333
1844505072,02/05/2016,0,0,24
1844505072,06/05/2016,0,0.033333333,23.96666667
1844505072,07/05/2016,0,0,24
1844505072,08/05/2016,0,0,24
1844505072,09/05/2016,0,0,24
1844505072,10/05/2016,0,0,24
1844505072,11/05/2016,0,0,24
1844505072,12/05/2016,0,0,11.85
1927972279,12/04/2016,0,0.916666667,12.23333333
1927972279,13/04/2016,0,0.533333333,16.43333333
1927972279,16/04/2016,0,0,24
1927972279,17/04/2016,0,0,24
1927972279,18/04/2016,0,0.283333333,23.71666667
1927972279,19/04/2016,0,0,24
1927972279,20/04/2016,0,0,24
1927972279,21/04/2016,0,0,24
1927972279,22/04/2016,0,0.166666667,23.83333333
1927972279,25/04/2016,0,0.2,21.71666667
1927972279,27/04/2016,0,0,24
1927972279,29/04/2016,0,0,24
1927972279,30/04/2016,0,0,24
1927972279,05/05/2016,0,0,24
1927972279,08/05/2016,0,0,24
1927972279,09/05/2016,0,0,24
1927972279,10/05/2016,0,0,24
1927972279,11/05/2016,0,0,24
1927972279,12/05/2016,0,0,16.1
2026352035,10/05/2016,0,0.283333333,16.7
2347167796,29/04/2016,0,0.066666667,0.033333333
3977333714,11/05/2016,0,0.216666667,0.216666667
4020332650,13/04/2016,0,0,24
4020332650,14/04/2016,0,0.05,23.95
4020332650,17/04/2016,0,0.033333333,23.96666667
4020332650,18/04/2016,0,0.033333333,23.96666667
4020332650,19/04/2016,0,0,24
4020332650,20/04/2016,0,0,24
4020332650,21/04/2016,0,0,24
4020332650,22/04/2016,0,0,24
4020332650,23/04/2016,0,0,24
4020332650,24/04/2016,0,0,24
4020332650,25/04/2016,0,0,24
4020332650,26/04/2016,0,0,24
4020332650,27/04/2016,0,0,24
4020332650,28/04/2016,0,0,24
4020332650,29/04/2016,0,0,24
4020332650,30/04/2016,0,0,24
4020332650,01/05/2016,0,0,24
4020332650,02/05/2016,0,0.7,22.5
4020332650,12/05/2016,0,0.35,12.01666667
4057192912,14/04/2016,0,0,24
4319703577,12/04/2016,0,0,24
4319703577,17/04/2016,0,0.05,22.71666667
4319703577,21/04/2016,0,0.566666667,21.08333333
4319703577,12/05/2016,0,0.033333333,0
4388161847,12/04/2016,0,0,24
4702921684,01/05/2016,0,0,24
5553957443,17/04/2016,0,0.766666667,15.71666667
5577150313,07/05/2016,0,0,24
5577150313,08/05/2016,0,0,24
6117666160,12/04/2016,0,0,24
6117666160,13/04/2016,0,0,24
6117666160,14/04/2016,0,0,24
6117666160,25/04/2016,0,0,24
6117666160,03/05/2016,0,0,24
6290855005,21/04/2016,0,0,24
6290855005,23/04/2016,0,0.55,23.45
6290855005,26/04/2016,0,0,24
6290855005,29/04/2016,0,0,24
6290855005,10/05/2016,0,0,24
6775888955,12/04/2016,0,0,24
6775888955,17/04/2016,1,0.8,23.2
6775888955,19/04/2016,0,0,24
6775888955,21/04/2016,0,0,24
6775888955,22/04/2016,0,0.333333333,23.66666667
6775888955,23/04/2016,0,0,24
6775888955,27/04/2016,0,0,24
6775888955,28/04/2016,0,0.5,23.5
6775888955,29/04/2016,0,0,24
6775888955,02/05/2016,0,0,24
6775888955,03/05/2016,0,0.016666667,23.98333333
6775888955,04/05/2016,0,0,24
6775888955,05/05/2016,0,0,24
7007744171,04/05/2016,0,0,24
7007744171,07/05/2016,0,0,1.85
7086361926,16/04/2016,0,0.05,23.95
7086361926,17/04/2016,0,0,24
8253242879,30/04/2016,0,0,24
8583815059,16/04/2016,0,0,24
8583815059,17/04/2016,0,0,24
8583815059,02/05/2016,0,0,24
8583815059,03/05/2016,0,0,24
8583815059,04/05/2016,0,0,24
8583815059,12/05/2016,0,0,24
8792009665,16/04/2016,0,0.2,23.8
8792009665,17/04/2016,0,0,24
8792009665,18/04/2016,0,0,24
8792009665,19/04/2016,0,0,24
8792009665,21/04/2016,0,0.15,23.85
8792009665,24/04/2016,0,0.5,23.5
8792009665,25/04/2016,0,0,24
8792009665,05/05/2016,0,0,24
8792009665,06/05/2016,0,0,24
8792009665,07/05/2016,0,0,24
8792009665,08/05/2016,0,0,24
8792009665,09/05/2016,0,0,24
8792009665,10/05/2016,0,0,0.8
1624580081,15/04/2016,1,1.6,22.4
1624580081,03/05/2016,1,1.6,22.4
1624580081,04/05/2016,1,1.966666667,22.03333333
1624580081,06/05/2016,1,1.7,22.3
1624580081,07/05/2016,1,3.033333333,20.96666667
1624580081,09/05/2016,1,1.516666667,22.48333333
1644430081,21/04/2016,1,0.633333333,23.36666667
1644430081,11/05/2016,1,0.816666667,11.88333333
1844505072,01/05/2016,1,1.366666667,9.75
1844505072,04/05/2016,1,1.45,22.55
1844505072,05/05/2016,1,2,22
1927972279,14/04/2016,1,1.616666667,21.53333333
1927972279,15/04/2016,1,0.85,15.68333333
1927972279,24/04/2016,1,1.366666667,22.63333333
1927972279,28/04/2016,1,1.583333333,19.45
1927972279,04/05/2016,1,1.45,22.55
1927972279,06/05/2016,1,1.8,22.2
1927972279,07/05/2016,1,0.8,23.2
2026352035,17/04/2016,1,1,17.55
2320127002,27/04/2016,1,1.366666667,22.63333333
2320127002,28/04/2016,1,1.266666667,22.73333333
2320127002,29/04/2016,1,0.75,23.25
2320127002,01/05/2016,1,0.666666667,23.33333333
2320127002,04/05/2016,1,0.866666667,23.13333333
2873212765,17/04/2016,1,2.8,21.2
4020332650,15/04/2016,1,2.35,21.65
4020332650,16/04/2016,1,2.35,20.36666667
4319703577,18/04/2016,1,1.133333333,13.73333333
4319703577,01/05/2016,1,1.116666667,13.93333333
4445114986,19/04/2016,1,2.016666667,14.91666667
4445114986,20/04/2016,1,2.283333333,14.01666667
4445114986,12/05/2016,1,0.966666667,6.333333333
4702921684,22/04/2016,1,1.2,22.35
5553957443,24/04/2016,1,1.733333333,9.7
5553957443,30/04/2016,1,1.4,8.433333333
5553957443,07/05/2016,1,1.6,15.03333333
6775888955,15/04/2016,1,0.966666667,16.26666667
6775888955,30/04/2016,1,1.6,22.4
6775888955,01/05/2016,2,1.55,22.45
6775888955,07/05/2016,1,0.933333333,9.183333333
6962181067,14/04/2016,1,1.433333333,14.36666667
8053475328,01/05/2016,1,0.85,23.15
8053475328,02/05/2016,1,1.583333333,22.41666667
8583815059,15/04/2016,1,1.083333333,22.91666667
8583815059,18/04/2016,2,2.183333333,21.81666667
8583815059,05/05/2016,1,1.166666667,22.83333333
8792009665,13/04/2016,1,1.366666667,13.43333333
8792009665,14/04/2016,1,1.4,14.21666667
8792009665,26/04/2016,1,1.333333333,22.66666667
8792009665,27/04/2016,1,1.866666667,15
8792009665,01/05/2016,1,1.316666667,13.9
8792009665,02/05/2016,1,1.683333333,15.26666667
8792009665,04/05/2016,1,2.15,14.13333333
1624580081,19/04/2016,2,2.35,21.65
1624580081,26/04/2016,2,2.333333333,21.66666667
1624580081,28/04/2016,2,2,22
1624580081,29/04/2016,2,2.5,21.5
1624580081,05/05/2016,2,1.95,22.05
1624580081,08/05/2016,2,2.533333333,21.46666667
1624580081,10/05/2016,2,2.316666667,21.68333333
1624580081,11/05/2016,2,1.866666667,22.13333333
1624580081,12/05/2016,2,1.783333333,14.83333333
1644430081,20/04/2016,2,2.083333333,21.91666667
1644430081,24/04/2016,2,1.483333333,22.51666667
1644430081,27/04/2016,2,1.966666667,22.03333333
1644430081,29/04/2016,2,2,19.88333333
1644430081,02/05/2016,2,2.6,11.36666667
1644430081,04/05/2016,2,0.866666667,23.13333333
1844505072,16/04/2016,2,2.45,21.55
1844505072,23/04/2016,2,2.316666667,21.68333333
1927972279,23/04/2016,2,2.416666667,21.58333333
2022484408,08/05/2016,2,2.25,21.75
2026352035,12/04/2016,2,3.2,11.76666667
2026352035,14/04/2016,2,3.283333333,10.88333333
2026352035,15/04/2016,2,3.133333333,11.45
2026352035,16/04/2016,2,2.5,12.13333333
2026352035,18/04/2016,2,3.033333333,17.7
2026352035,19/04/2016,2,2.35,13.08333333
2026352035,21/04/2016,2,2.55,12.48333333
2026352035,22/04/2016,2,2.7,11.86666667
2026352035,24/04/2016,2,2.733333333,11.73333333
2026352035,01/05/2016,2,3.183333333,11.93333333
2320127002,21/04/2016,2,2.3,21.7
2320127002,25/04/2016,2,2.666666667,21.33333333
2320127002,26/04/2016,2,2.45,21.55
2320127002,02/05/2016,2,2.233333333,21.76666667
2320127002,09/05/2016,2,2.416666667,21.58333333
2320127002,12/05/2016,2,2.133333333,13.83333333
2873212765,27/04/2016,2,4.05,19.95
3372868164,01/05/2016,2,2.866666667,14.03333333
4020332650,11/05/2016,2,2.4,21.6
4057192912,15/04/2016,2,1.616666667,14.55
4319703577,22/04/2016,3,3.266666667,11.81666667
4319703577,24/04/2016,2,3.283333333,11.53333333
4319703577,08/05/2016,2,2.55,10.05
4445114986,12/04/2016,2,3.266666667,13.11666667
4445114986,13/04/2016,2,3.233333333,14
4445114986,17/04/2016,2,1.9,20.31666667
4445114986,25/04/2016,2,2.983333333,15.26666667
4445114986,04/05/2016,2,3,14.95
4445114986,05/05/2016,2,3.216666667,12.23333333
4558609924,01/05/2016,2,3.166666667,18.68333333
4558609924,06/05/2016,2,3.366666667,20.63333333
4702921684,12/05/2016,2,1.133333333,4.016666667
5553957443,18/04/2016,2,3.433333333,10.36666667
5553957443,20/04/2016,2,2.466666667,9.966666667
6117666160,04/05/2016,2,2.6,21.31666667
6775888955,06/05/2016,3,2.033333333,21.96666667
6962181067,08/05/2016,3,2.75,11.81666667
6962181067,12/05/2016,2,1.883333333,2.116666667
7086361926,23/04/2016,2,1.5,22.5
7086361926,24/04/2016,2,2.083333333,9.433333333
7086361926,12/05/2016,2,1.116666667,5.716666667
8253242879,15/04/2016,2,1.75,22.25
8253242879,16/04/2016,5,2.866666667,21.13333333
8253242879,22/04/2016,2,2,22
8253242879,25/04/2016,4,2.983333333,21.01666667
8378563200,17/04/2016,2,1.55,9.983333333
8378563200,30/04/2016,2,2.016666667,13
8378563200,08/05/2016,2,2.316666667,10.35
8583815059,14/04/2016,2,2.233333333,21.76666667
8792009665,12/04/2016,2,1.933333333,13.85
8792009665,15/04/2016,2,2.1,15.61666667
8792009665,20/04/2016,2,2.483333333,12.4
8792009665,22/04/2016,2,3.6,13.61666667
8792009665,03/05/2016,2,2.6,12.31666667
1624580081,16/04/2016,3,2.933333333,21.06666667
1624580081,20/04/2016,3,2.516666667,21.48333333
1624580081,22/04/2016,3,3.316666667,20.68333333
1644430081,15/04/2016,3,2.95,21.05
1644430081,22/04/2016,3,1.433333333,22.56666667
1644430081,01/05/2016,4,2.883333333,15.13333333
1844505072,13/04/2016,3,4.133333333,19.86666667
1844505072,15/04/2016,3,2.933333333,8.783333333
1844505072,17/04/2016,3,3.483333333,20.51666667
1844505072,18/04/2016,3,3.816666667,20.18333333
1844505072,29/04/2016,3,4.116666667,18.03333333
1844505072,30/04/2016,3,3.066666667,3.633333333
1844505072,03/05/2016,3,3.066666667,20.93333333
1927972279,26/04/2016,3,3.2,17.63333333
2026352035,13/04/2016,3,3.966666667,11.05
2026352035,30/04/2016,3,3.883333333,9.9
2026352035,07/05/2016,3,3.816666667,11.08333333
2026352035,08/05/2016,3,4.3,10.16666667
2320127002,14/04/2016,3,3.183333333,20.81666667
2320127002,16/04/2016,3,3.25,20.75
2320127002,23/04/2016,3,4.033333333,18.81666667
2320127002,24/04/2016,3,3.4,20.6
2320127002,30/04/2016,3,3.9,20.1
2320127002,05/05/2016,3,3.9,20.1
2320127002,06/05/2016,3,3.4,20.6
2320127002,08/05/2016,3,4.116666667,19.88333333
2347167796,17/04/2016,3,4.283333333,8.466666667
2873212765,01/05/2016,4,3.683333333,20.31666667
3372868164,12/04/2016,3,4.666666667,19.33333333
3372868164,22/04/2016,3,3.433333333,20.56666667
3977333714,20/04/2016,7,4.4,14.08333333
3977333714,26/04/2016,7,4.533333333,13.28333333
3977333714,10/05/2016,8,5.2,11.26666667
4020332650,03/05/2016,3,2.9,15.83333333
4020332650,06/05/2016,3,2.95,14.25
4020332650,09/05/2016,3,3.016666667,20.41666667
4319703577,16/04/2016,3,3.233333333,12.06666667
4319703577,23/04/2016,3,3.883333333,9.1
4388161847,12/05/2016,3,1.8,13.75
4445114986,14/04/2016,3,3.85,11.95
4445114986,16/04/2016,3,3.75,11.93333333
4445114986,21/04/2016,3,3.583333333,12.6
4445114986,23/04/2016,3,3.35,20.65
4445114986,24/04/2016,3,4.066666667,19.93333333
4445114986,28/04/2016,3,3.933333333,12.7
4445114986,29/04/2016,3,3.766666667,18.43333333
4445114986,06/05/2016,3,3.816666667,13.48333333
4445114986,10/05/2016,3,3.85,13.05
4558609924,12/04/2016,3,5.3,18.7
4558609924,19/04/2016,3,4.3,19.7
4558609924,20/04/2016,3,3.7,20.3
4558609924,04/05/2016,3,4.2,19.8
4702921684,21/04/2016,5,3.15,15.01666667
5553957443,13/04/2016,3,3.766666667,10.78333333
5553957443,23/04/2016,3,4.533333333,7.383333333
5553957443,01/05/2016,3,3.95,7.266666667
5553957443,04/05/2016,3,3.733333333,10.85
5553957443,08/05/2016,3,3.683333333,8.416666667
5553957443,11/05/2016,3,3.25,10.46666667
5577150313,13/04/2016,3,2.833333333,12.93333333
6117666160,28/04/2016,3,2.35,12.63333333
6117666160,06/05/2016,3,2.216666667,11.21666667
6117666160,09/05/2016,3,3.283333333,2.083333333
6290855005,12/04/2016,3,3.316666667,20.68333333
6962181067,24/04/2016,3,3.316666667,12
7007744171,16/04/2016,3,3.383333333,19.25
7007744171,30/04/2016,3,3.333333333,20.66666667
8253242879,19/04/2016,3,2.733333333,21.26666667
8253242879,20/04/2016,4,3.983333333,20.01666667
8378563200,24/04/2016,3,2.25,12.23333333
8583815059,13/04/2016,4,3.133333333,20.86666667
8583815059,20/04/2016,4,3.233333333,20.76666667
8583815059,06/05/2016,4,3.166666667,20.83333333
8583815059,11/05/2016,6,4.216666667,18.43333333
8792009665,23/04/2016,3,4.75,13.25
1624580081,21/04/2016,4,3.1,20.9
1624580081,25/04/2016,4,3.366666667,20.63333333
1644430081,23/04/2016,5,2.916666667,21.08333333
1644430081,28/04/2016,6,4.716666667,19.28333333
1844505072,12/04/2016,4,5.65,18.35
1844505072,22/04/2016,4,3.666666667,20.33333333
2022484408,23/04/2016,4,4.15,19.85
2026352035,20/04/2016,4,5.45,10.38333333
2026352035,25/04/2016,4,4.333333333,13.68333333
2026352035,26/04/2016,4,4.8,16.96666667
2026352035,27/04/2016,4,4.766666667,9.766666667
2026352035,28/04/2016,4,5.516666667,10.43333333
2026352035,02/05/2016,4,5.916666667,11.93333333
2026352035,03/05/2016,4,5.066666667,16.35
2026352035,04/05/2016,4,5.75,8.833333333
2320127002,15/04/2016,4,4.083333333,19.91666667
2320127002,17/04/2016,4,4.15,19.85
2320127002,18/04/2016,4,4.45,19.55
2320127002,19/04/2016,4,3.983333333,20.01666667
2320127002,20/04/2016,4,4.9,19.1
2320127002,22/04/2016,4,4.433333333,19.56666667
2320127002,10/05/2016,4,4.833333333,19.16666667
2320127002,11/05/2016,4,5,19
2347167796,14/04/2016,7,4.25,11.75
2347167796,19/04/2016,4,6.483333333,10.8
2347167796,26/04/2016,4,3.783333333,12.2
2347167796,28/04/2016,4,3.816666667,12.73333333
2873212765,22/04/2016,4,6.866666667,17.13333333
2873212765,30/04/2016,5,4.55,19.45
2873212765,11/05/2016,4,5.316666667,18.68333333
3372868164,25/04/2016,4,6.933333333,17.06666667
3372868164,28/04/2016,4,6.416666667,17.58333333
3977333714,14/04/2016,5,4.033333333,13.35
3977333714,18/04/2016,8,5.216666667,10.08333333
3977333714,21/04/2016,4,4.033333333,11.86666667
3977333714,23/04/2016,8,5.733333333,12.06666667
3977333714,07/05/2016,8,4.9,11.71666667
4020332650,07/05/2016,4,3.066666667,20.93333333
4020332650,08/05/2016,4,4.383333333,12.91666667
4020332650,10/05/2016,4,3.433333333,12.9
4057192912,12/04/2016,4,2.733333333,21.26666667
4057192912,13/04/2016,4,2.666666667,21.33333333
4319703577,15/04/2016,4,3.8,12.53333333
4319703577,29/04/2016,5,5.216666667,10.4
4319703577,30/04/2016,6,4,11.58333333
4319703577,07/05/2016,5,5.166666667,9.766666667
4388161847,13/04/2016,5,2.75,21.25
4388161847,16/04/2016,4,4.466666667,10.15
4388161847,17/04/2016,4,3.35,12.01666667
4445114986,30/04/2016,4,4.833333333,13.28333333
4445114986,01/05/2016,4,4,12.35
4445114986,09/05/2016,4,4.433333333,10.68333333
4558609924,14/04/2016,4,4.65,19.35
4558609924,23/04/2016,4,5.3,18.7
4558609924,26/04/2016,6,5.6,17.7
4558609924,30/04/2016,6,5.483333333,18.51666667
4558609924,11/05/2016,6,5.983333333,18.01666667
4558609924,12/05/2016,4,4.116666667,12.26666667
4702921684,02/05/2016,6,4,18.85
5553957443,16/04/2016,4,4.8,8.683333333
6117666160,18/04/2016,4,4.016666667,12.65
6117666160,02/05/2016,4,3.933333333,20.06666667
6290855005,24/04/2016,4,4.3,19.7
6290855005,27/04/2016,4,4.783333333,19.21666667
6290855005,28/04/2016,4,4.25,19.75
6290855005,04/05/2016,4,4.533333333,19.46666667
6290855005,07/05/2016,4,3.783333333,20.21666667
6962181067,15/04/2016,4,3.616666667,13.95
6962181067,01/05/2016,4,3.583333333,12.03333333
6962181067,06/05/2016,4,4.983333333,11.95
7007744171,15/04/2016,4,3.366666667,20.63333333
7007744171,23/04/2016,5,4.166666667,19.83333333
7007744171,01/05/2016,4,3.95,19.03333333
7086361926,29/04/2016,4,4.033333333,19.96666667
8378563200,29/04/2016,4,3.033333333,12.78333333
8378563200,07/05/2016,4,2.633333333,14.18333333
8583815059,12/04/2016,4,3.383333333,20.61666667
8583815059,22/04/2016,6,4.5,19.5
8583815059,24/04/2016,6,4.2,19.8
8583815059,26/04/2016,8,5.1,18.9
8583815059,28/04/2016,5,3.85,20.15
8583815059,08/05/2016,7,4.283333333,19.71666667
8792009665,28/04/2016,4,5.166666667,11.9
8792009665,30/04/2016,4,5.516666667,12.48333333
8877689391,02/05/2016,4,1.75,22.25
1624580081,12/04/2016,5,2.433333333,21.56666667
1624580081,13/04/2016,5,2.466666667,21.53333333
1644430081,12/04/2016,7,5.15,18.85
1644430081,14/04/2016,8,5.25,18.75
1644430081,19/04/2016,8,5.683333333,18.31666667
1644430081,08/05/2016,5,4.916666667,16.51666667
1844505072,14/04/2016,5,6.216666667,14.05
1844505072,21/04/2016,6,5.383333333,18.61666667
1844505072,28/04/2016,5,5.033333333,18.96666667
2022484408,28/04/2016,6,5.283333333,18.71666667
2026352035,29/04/2016,5,5.866666667,8.2
2026352035,06/05/2016,5,6.383333333,8.516666667
2026352035,11/05/2016,5,5.5,9.483333333
2320127002,13/04/2016,5,5.583333333,18.41666667
2320127002,07/05/2016,5,5.316666667,18.68333333
2347167796,15/04/2016,6,5.15,12
2873212765,12/04/2016,6,6.316666667,17.68333333
2873212765,13/04/2016,5,6.866666667,17.13333333
2873212765,14/04/2016,5,5.516666667,18.48333333
2873212765,18/04/2016,5,5.3,18.7
2873212765,19/04/2016,5,6.483333333,17.51666667
2873212765,21/04/2016,5,6.383333333,17.61666667
2873212765,25/04/2016,5,5.983333333,18.01666667
2873212765,26/04/2016,5,5.266666667,18.73333333
2873212765,02/05/2016,5,5.683333333,18.31666667
2873212765,03/05/2016,5,6.166666667,17.83333333
2873212765,06/05/2016,5,6.25,17.75
2873212765,09/05/2016,5,5.75,18.25
2873212765,12/05/2016,5,4.466666667,12
3372868164,14/04/2016,6,6.683333333,17.31666667
3372868164,15/04/2016,5,5.583333333,18.41666667
3372868164,16/04/2016,5,5.933333333,18.06666667
3372868164,19/04/2016,5,6.266666667,17.73333333
3977333714,27/04/2016,5,3.1,11.9
4319703577,20/04/2016,6,5.4,11.18333333
4319703577,27/04/2016,7,5.883333333,11.33333333
4319703577,06/05/2016,5,5.516666667,11.53333333
4319703577,11/05/2016,6,5.533333333,9.566666667
4445114986,15/04/2016,5,5.833333333,11.85
4445114986,22/04/2016,5,5.283333333,11.76666667
4445114986,08/05/2016,5,5.266666667,12.21666667
4558609924,02/05/2016,5,6.383333333,17.61666667
4702921684,15/04/2016,5,4.416666667,15.73333333
4702921684,26/04/2016,5,3.75,12.75
4702921684,27/04/2016,6,4.25,12.21666667
4702921684,06/05/2016,6,3.733333333,11.36666667
6117666160,17/04/2016,5,5.2,11.7
6117666160,30/04/2016,5,5.716666667,17.33333333
6290855005,13/04/2016,5,5.833333333,18.16666667
6290855005,18/04/2016,5,4.516666667,19.48333333
6290855005,19/04/2016,5,5.35,18.65
6290855005,20/04/2016,5,4.3,19.7
6290855005,22/04/2016,5,5.033333333,18.96666667
6290855005,30/04/2016,5,5.4,18.6
6290855005,02/05/2016,5,4.466666667,19.53333333
6290855005,03/05/2016,5,4,20
6290855005,05/05/2016,5,3.983333333,20.01666667
6290855005,06/05/2016,5,5.083333333,18.91666667
6290855005,09/05/2016,5,4.4,13.33333333
6962181067,04/05/2016,7,5.583333333,11.38333333
6962181067,07/05/2016,5,5.466666667,12.41666667
7007744171,17/04/2016,5,5.083333333,18.91666667
8378563200,27/04/2016,5,3.333333333,11.26666667
8583815059,07/05/2016,5,4.166666667,19.83333333
8792009665,29/04/2016,5,6.666666667,10.56666667
1624580081,14/04/2016,6,3.933333333,20.06666667
1624580081,23/04/2016,6,3.783333333,20.21666667
2022484408,29/04/2016,7,5.7,18.3
2026352035,12/05/2016,6,5.716666667,5.5
2347167796,24/04/2016,6,6,9.733333333
2873212765,15/04/2016,6,7.466666667,16.53333333
2873212765,04/05/2016,6,7,17
2873212765,10/05/2016,6,6.216666667,17.78333333
3372868164,29/04/2016,6,6.7,17.3
4020332650,12/04/2016,6,5.833333333,11.86666667
4319703577,14/04/2016,6,5.816666667,9.816666667
4319703577,19/04/2016,6,5.183333333,10.06666667
4319703577,25/04/2016,6,6.633333333,9.066666667
4319703577,02/05/2016,6,5.916666667,9.75
4319703577,09/05/2016,7,6.5,8.166666667
4319703577,10/05/2016,6,5.733333333,9.25
4388161847,14/04/2016,7,4.4,15.75
4558609924,24/04/2016,6,6.583333333,17.41666667
4558609924,28/04/2016,6,6.316666667,16.41666667
4558609924,09/05/2016,8,6.25,17.75
4702921684,12/04/2016,6,4.383333333,11.96666667
4702921684,13/04/2016,6,4.3,12.95
4702921684,14/04/2016,6,4.516666667,12.86666667
4702921684,20/04/2016,7,4.85,11.95
4702921684,25/04/2016,7,4.85,12.16666667
4702921684,30/04/2016,8,5.05,12.13333333
4702921684,04/05/2016,7,4.5,12.61666667
4702921684,09/05/2016,7,4.416666667,12.43333333
6117666160,22/04/2016,6,6.7,6.883333333
6117666160,24/04/2016,6,6.033333333,11.85
6117666160,07/05/2016,6,6.866666667,7.6
6117666160,08/05/2016,6,5.3,8.616666667
6290855005,14/04/2016,6,6.05,17.95
6290855005,16/04/2016,6,4.3,19.7
6290855005,08/05/2016,6,4.183333333,19.81666667
6962181067,17/04/2016,7,5.216666667,10.56666667
8583815059,30/04/2016,7,5.783333333,18.21666667
2026352035,09/05/2016,7,6.683333333,9.05
4388161847,15/04/2016,7,4.983333333,13.95
4388161847,21/04/2016,7,4.85,14.21666667
4388161847,09/05/2016,8,4.716666667,17
4702921684,10/05/2016,9,5,11.68333333
6117666160,26/04/2016,7,5.983333333,17.95
6117666160,27/04/2016,7,7.633333333,6.95
6117666160,29/04/2016,7,7.683333333,7.983333333
6117666160,01/05/2016,7,6.616666667,8.75
6117666160,05/05/2016,7,8.116666667,7.983333333
6290855005,15/04/2016,7,5.466666667,18.53333333
7007744171,24/04/2016,7,6.983333333,17.01666667
8877689391,15/04/2016,7,6.466666667,17.53333333
8877689391,23/04/2016,7,6.8,17.2
8877689391,07/05/2016,8,6.733333333,17.26666667
2026352035,23/04/2016,8,7.2,7.633333333
2026352035,05/05/2016,8,7.916666667,7.983333333
4558609924,21/04/2016,9,7.65,14.06666667
4702921684,16/04/2016,9,6.033333333,9.266666667
4702921684,03/05/2016,8,5.216666667,12.15
6117666160,19/04/2016,8,8,7.083333333
4702921684,07/05/2016,11,8.166666667,9.616666667
6117666160,23/04/2016,9,8.533333333,7.8
8877689391,17/04/2016,9,6.333333333,17.66666667
6117666160,15/04/2016,10,8.65,15.35
1927972279,03/05/2016,1,0.45,23.55
6775888955,24/04/2016,2,0.666666667,23.33333333
8253242879,28/04/2016,2,0.783333333,23.21666667
1624580081,17/04/2016,4,2.733333333,21.26666667
1927972279,01/05/2016,2,1.416666667,22.58333333
1927972279,02/05/2016,2,1.966666667,22.03333333
4319703577,13/04/2016,3,1.983333333,20.56666667
5553957443,12/05/2016,2,1.033333333,3.7
5577150313,09/05/2016,2,1.916666667,18.31666667
6775888955,13/04/2016,3,2,17.55
8253242879,26/04/2016,2,2.35,21.65
1624580081,24/04/2016,4,3.65,20.35
1624580081,27/04/2016,5,3.45,20.55
1624580081,30/04/2016,4,4.3,19.7
1644430081,18/04/2016,5,2.816666667,21.18333333
1644430081,25/04/2016,3,1.716666667,22.28333333
1644430081,05/05/2016,4,1.65,22.35
2873212765,29/04/2016,4,4.15,19.85
3372868164,20/04/2016,3,4.866666667,19.13333333
3372868164,30/04/2016,3,5.35,18.65
4558609924,13/04/2016,3,2.55,21.45
4558609924,29/04/2016,5,4.016666667,18.26666667
4558609924,10/05/2016,4,4.15,19.85
5577150313,26/04/2016,4,4.183333333,12.65
6775888955,14/04/2016,4,2.383333333,14.38333333
6962181067,13/04/2016,4,2.9,9.133333333
8253242879,18/04/2016,4,2.7,21.3
8253242879,29/04/2016,4,2.766666667,20.95
8583815059,25/04/2016,3,2.433333333,21.56666667
8583815059,01/05/2016,3,2.15,21.85
1624580081,02/05/2016,5,2.983333333,21.01666667
2320127002,03/05/2016,4,3.933333333,20.06666667
2347167796,22/04/2016,6,4.033333333,13.01666667
3372868164,18/04/2016,4,6.166666667,17.83333333
3372868164,24/04/2016,4,5.216666667,18.78333333
3977333714,15/04/2016,6,4,10.73333333
3977333714,28/04/2016,4,3.55,13.4
3977333714,08/05/2016,9,4.933333333,11.46666667
4558609924,22/04/2016,6,5.3,18.7
4558609924,03/05/2016,4,4.466666667,19.53333333
5577150313,25/04/2016,5,5.216666667,12.38333333
6962181067,11/05/2016,4,3.833333333,11.81666667
7086361926,13/04/2016,4,3.533333333,12.4
8378563200,28/04/2016,4,2.666666667,11.85
8378563200,12/05/2016,4,1.933333333,7.216666667
8583815059,19/04/2016,4,3.05,20.95
2022484408,12/05/2016,6,4.466666667,12.13333333
2347167796,18/04/2016,6,3.883333333,11.3
2873212765,05/05/2016,6,5.783333333,18.21666667
3372868164,17/04/2016,5,5.583333333,18.41666667
3372868164,23/04/2016,5,5.416666667,18.58333333
3977333714,17/04/2016,7,4.566666667,10
3977333714,09/05/2016,11,4.683333333,19.31666667
4558609924,15/04/2016,6,5.15,18.85
4558609924,16/04/2016,6,5.466666667,18.53333333
4558609924,18/04/2016,6,6,18
4702921684,19/04/2016,5,3.283333333,12.61666667
4702921684,08/05/2016,11,5.433333333,16.98333333
5577150313,23/04/2016,5,4.516666667,10.45
5577150313,02/05/2016,5,4.866666667,12.2
6290855005,17/04/2016,6,4.466666667,19.53333333
6290855005,01/05/2016,8,6.416666667,17.58333333
6962181067,18/04/2016,7,4.883333333,11.48333333
6962181067,27/04/2016,7,5.4,11.61666667
8378563200,02/05/2016,5,3.483333333,13.36666667
8378563200,10/05/2016,6,3.8,14
8583815059,10/05/2016,7,3.566666667,20.43333333
1503960366,21/04/2016,6,3.966666667,13.96666667
1644430081,26/04/2016,8,4.583333333,19.41666667
1644430081,03/05/2016,10,5.416666667,18.58333333
1644430081,10/05/2016,7,3.1,20.9
2022484408,26/04/2016,7,5.9,18.1
2022484408,27/04/2016,7,5.35,18.65
2347167796,20/04/2016,8,5.383333333,16.85
2347167796,25/04/2016,7,5.05,10.88333333
3372868164,13/04/2016,6,6.583333333,17.41666667
3372868164,21/04/2016,6,6.716666667,17.28333333
4319703577,26/04/2016,7,5.283333333,10.81666667
4319703577,03/05/2016,7,5.35,11.15
4388161847,20/04/2016,8,4.816666667,11.6
4388161847,26/04/2016,7,4.35,11.21666667
4388161847,27/04/2016,9,5,11.4
4388161847,29/04/2016,7,4.416666667,19.58333333
4388161847,05/05/2016,8,4.166666667,14.93333333
4558609924,17/04/2016,7,5.5,18.5
4558609924,25/04/2016,6,6.133333333,16.55
4702921684,11/05/2016,8,4.766666667,13.06666667
5553957443,12/04/2016,7,5.15,12.78333333
5553957443,27/04/2016,7,3.966666667,12.41666667
5553957443,02/05/2016,6,4.316666667,12.06666667
6290855005,25/04/2016,6,4.333333333,19.66666667
6962181067,02/05/2016,8,6.166666667,10.91666667
6962181067,05/05/2016,7,5.683333333,9.85
7086361926,21/04/2016,6,3.85,12.63333333
7086361926,07/05/2016,8,4.516666667,10.35
8378563200,12/04/2016,7,3.933333333,12.05
8378563200,03/05/2016,7,4.766666667,13.7
8378563200,09/05/2016,7,4.25,12.86666667
8378563200,11/05/2016,7,4.433333333,12.71666667
8583815059,23/04/2016,8,4.816666667,19.18333333
1503960366,29/04/2016,8,4.516666667,13.58333333
1644430081,06/05/2016,7,6.433333333,17.56666667
2320127002,12/04/2016,7,5.466666667,18.53333333
4020332650,04/05/2016,8,6.75,8.85
4319703577,28/04/2016,7,6.333333333,9.2
4319703577,04/05/2016,8,5.566666667,18.43333333
4388161847,19/04/2016,8,4.75,11.73333333
4388161847,24/04/2016,8,4.35,9.733333333
4388161847,28/04/2016,7,4.366666667,14.63333333
4388161847,01/05/2016,8,4.466666667,9.65
4388161847,10/05/2016,8,4.9,10.8
4558609924,05/05/2016,8,6.533333333,17.46666667
4702921684,17/04/2016,10,6.333333333,7.283333333
4702921684,24/04/2016,12,6.516666667,9.033333333
4702921684,28/04/2016,7,4.25,12.3
4702921684,29/04/2016,8,4.966666667,11.53333333
4702921684,05/05/2016,7,4.233333333,12.41666667
5553957443,22/04/2016,8,5.183333333,13.01666667
6117666160,21/04/2016,7,5.4,9.65
6962181067,29/04/2016,7,6.6,10.75
8378563200,05/05/2016,7,4.716666667,12.73333333
8877689391,29/04/2016,7,3.883333333,20.11666667
8877689391,10/05/2016,7,4.216666667,19.78333333
4388161847,30/04/2016,10,5.95,8.95
4388161847,11/05/2016,9,4.7,14.3
8877689391,03/05/2016,8,4.183333333,19.81666667
8877689391,08/05/2016,8,4.433333333,19.56666667
4388161847,25/04/2016,10,5.716666667,17.56666667
4388161847,03/05/2016,10,5.7,16.4
4702921684,23/04/2016,12,8.05,7.816666667
7007744171,26/04/2016,10,7.7,16.3
7007744171,28/04/2016,10,7.216666667,16.78333333
1644430081,30/04/2016,13,8.033333333,13.6
6117666160,16/04/2016,11,9,8.366666667
2022484408,30/04/2016,13,6.616666667,17.38333333
2873212765,07/05/2016,4,2.3,21.7
4445114986,07/05/2016,3,2.3,14.43333333
5577150313,06/05/2016,3,2.266666667,21.73333333
5577150313,11/05/2016,3,2.05,4.283333333
8253242879,14/04/2016,4,1.3,22.7
1644430081,09/05/2016,4,5.683333333,18.31666667
4445114986,18/04/2016,4,3.216666667,20.78333333
4445114986,26/04/2016,4,3.5,13.98333333
4445114986,02/05/2016,4,3.85,11.11666667
4558609924,08/05/2016,5,5.65,16.98333333
5577150313,04/05/2016,4,2.916666667,10.51666667
6775888955,25/04/2016,4,2.3,21.7
8378563200,23/04/2016,5,2.75,12.33333333
1503960366,15/04/2016,6,4.533333333,12.1
1503960366,01/05/2016,7,5.233333333,12.16666667
1503960366,07/05/2016,7,4.3,13.88333333
1644430081,13/04/2016,6,3.016666667,20.98333333
2022484408,07/05/2016,5,2.85,21.15
2347167796,13/04/2016,7,4.1,11.26666667
2347167796,21/04/2016,7,4.283333333,12.68333333
2873212765,28/04/2016,5,4.133333333,19.86666667
3372868164,27/04/2016,6,6.383333333,17.61666667
3977333714,13/04/2016,7,3.833333333,12.56666667
3977333714,16/04/2016,9,4.45,11.05
3977333714,22/04/2016,6,3.883333333,12.18333333
3977333714,02/05/2016,11,5.716666667,11.88333333
3977333714,04/05/2016,10,4.2,14.2
3977333714,05/05/2016,9,4.666666667,11.33333333
4445114986,03/05/2016,5,4.416666667,12.08333333
4445114986,11/05/2016,6,4.8,10.36666667
4558609924,27/04/2016,6,5.883333333,18.11666667
4558609924,07/05/2016,6,4.533333333,18.6
5577150313,22/04/2016,6,4.866666667,13.71666667
5577150313,27/04/2016,5,4.483333333,12.88333333
6775888955,18/04/2016,6,3.45,20.55
6962181067,19/04/2016,7,4.516666667,10.98333333
7086361926,15/04/2016,6,3.166666667,14.4
7086361926,05/05/2016,6,3.116666667,20.88333333
7086361926,08/05/2016,7,3.433333333,11.58333333
8253242879,23/04/2016,6,4.116666667,19.88333333
1503960366,14/04/2016,6,3.7,20.3
1503960366,20/04/2016,6,4.083333333,13.63333333
1503960366,04/05/2016,7,4.35,19.65
1644430081,17/04/2016,7,3.8,20.2
2347167796,12/04/2016,7,6.016666667,16.06666667
2873212765,23/04/2016,6,6.05,17.95
3372868164,26/04/2016,6,5.95,18.05
3977333714,19/04/2016,8,5.116666667,12.3
4702921684,18/04/2016,7,4.05,14.83333333
5553957443,26/04/2016,7,4.933333333,12.5
5553957443,06/05/2016,7,4.316666667,12.68333333
6962181067,22/04/2016,8,5.05,10.98333333
6962181067,30/04/2016,7,4.75,12.18333333
6962181067,03/05/2016,8,5.4,10.9
7086361926,14/04/2016,6,4.266666667,13.11666667
8378563200,04/05/2016,6,3.266666667,11.33333333
8378563200,06/05/2016,6,4.083333333,13.85
8877689391,12/05/2016,6,2.683333333,12.83333333
1503960366,13/04/2016,8,4.283333333,12.93333333
1624580081,18/04/2016,8,3.766666667,20.23333333
2022484408,14/04/2016,7,4.866666667,19.13333333
2022484408,01/05/2016,8,4.966666667,19.03333333
2022484408,06/05/2016,8,5.6,18.4
2347167796,27/04/2016,7,5.5,10.38333333
2873212765,20/04/2016,7,6.75,17.25
5553957443,09/05/2016,8,5.533333333,11.11666667
7007744171,21/04/2016,9,6.516666667,17.48333333
7086361926,01/05/2016,8,5.05,11.41666667
8378563200,20/04/2016,7,4.316666667,12.71666667
1503960366,12/04/2016,9,6.1,12.13333333
1503960366,26/04/2016,9,5.55,13.88333333
1503960366,06/05/2016,8,5.316666667,12.56666667
2022484408,15/04/2016,8,5.3,18.7
2022484408,09/05/2016,10,6.316666667,17.68333333
2022484408,10/05/2016,9,5.933333333,18.06666667
4388161847,06/05/2016,10,5.666666667,18.33333333
5553957443,03/05/2016,9,5.033333333,13.53333333
6117666160,20/04/2016,8,6.416666667,9.783333333
8877689391,18/04/2016,8,3.75,20.25
8877689391,25/04/2016,8,5.65,18.35
8877689391,26/04/2016,9,4.716666667,19.28333333
6775888955,16/04/2016,4,1.05,22.95
6775888955,26/04/2016,5,1.983333333,22.01666667
8053475328,12/05/2016,4,1.183333333,13.98333333
2873212765,24/04/2016,5,3.95,20.05
3977333714,12/04/2016,6,3.233333333,12.95
3977333714,24/04/2016,10,4.233333333,11
3977333714,01/05/2016,7,3.416666667,11.51666667
4445114986,27/04/2016,5,3.783333333,13.98333333
5577150313,29/04/2016,6,4.966666667,12.31666667
7086361926,18/04/2016,6,3.766666667,18.93333333
7086361926,11/05/2016,6,3.75,12.61666667
1503960366,17/04/2016,7,3.7,8.983333333
1503960366,24/04/2016,6,4.7,11.81666667
1503960366,10/05/2016,7,4.85,12.43333333
2022484408,16/04/2016,7,3.383333333,20.61666667
2873212765,08/05/2016,6,6.2,17.8
3977333714,06/05/2016,9,4.2,11.26666667
5553957443,21/04/2016,8,4.433333333,13.35
5577150313,14/04/2016,6,5.4,11.03333333
5577150313,28/04/2016,7,4.85,11.53333333
5577150313,05/05/2016,6,3.483333333,19.21666667
5577150313,10/05/2016,7,5.583333333,10.65
6962181067,12/04/2016,7,4.216666667,13.26666667
7086361926,22/04/2016,7,4.5,12.7
7086361926,28/04/2016,8,4.383333333,13.5
7086361926,02/05/2016,7,3.85,12.28333333
7086361926,03/05/2016,7,4.083333333,12.68333333
8053475328,30/04/2016,6,2.65,21.35
8583815059,21/04/2016,7,3.516666667,20.48333333
1503960366,09/05/2016,8,4.383333333,13.91666667
2022484408,12/04/2016,8,4.716666667,19.28333333
2022484408,21/04/2016,8,6.866666667,17.13333333
2022484408,25/04/2016,7,4.483333333,19.51666667
2022484408,02/05/2016,7,5.35,18.65
2873212765,16/04/2016,7,5.883333333,18.11666667
4020332650,05/05/2016,9,4.6,15.26666667
5553957443,25/04/2016,8,4.383333333,12.2
5553957443,05/05/2016,9,5.233333333,11.53333333
6962181067,25/04/2016,9,5.8,10.61666667
6962181067,26/04/2016,7,4.95,11.33333333
7007744171,06/05/2016,8,5.066666667,18.93333333
1503960366,16/04/2016,8,4.45,12.88333333
1503960366,18/04/2016,9,4.85,19.15
1503960366,23/04/2016,9,5.4,12.2
1503960366,05/05/2016,9,5.316666667,14.28333333
1503960366,11/05/2016,9,5.166666667,11.15
2022484408,13/04/2016,8,5.666666667,18.33333333
2022484408,19/04/2016,8,4.8,19.2
2022484408,20/04/2016,10,6.45,17.55
2022484408,04/05/2016,9,5.583333333,18.41666667
2022484408,05/05/2016,9,5.466666667,18.53333333
3977333714,03/05/2016,10,5.766666667,9.9
4319703577,05/05/2016,9,6.483333333,15.95
4388161847,22/04/2016,9,5.366666667,15.75
5553957443,29/04/2016,9,5.516666667,11.81666667
6962181067,10/05/2016,10,6.183333333,10.43333333
7007744171,14/04/2016,8,5.733333333,18.26666667
7086361926,30/04/2016,9,6.116666667,9.733333333
8877689391,01/05/2016,9,3.566666667,20.43333333
1503960366,02/05/2016,10,5.55,13.3
1644430081,07/05/2016,10,5.016666667,18.98333333
4388161847,04/05/2016,10,5.116666667,10.53333333
6962181067,28/04/2016,9,5.566666667,10.35
2347167796,23/04/2016,11,7.116666667,9.85
8253242879,13/04/2016,6,2.366666667,21.63333333
5577150313,12/04/2016,6,4.033333333,12.13333333
5577150313,20/04/2016,6,3.6,12.88333333
6775888955,20/04/2016,8,6.016666667,17.98333333
7086361926,25/04/2016,7,3.95,11.76666667
7086361926,26/04/2016,7,3.916666667,12.1
1503960366,08/05/2016,7,4.25,9.566666667
3977333714,29/04/2016,8,3.633333333,12.4
3977333714,30/04/2016,9,4.816666667,11.45
5553957443,28/04/2016,8,3.783333333,12.11666667
5577150313,21/04/2016,9,5.983333333,11.16666667
7086361926,19/04/2016,8,4.333333333,11.18333333
7086361926,06/05/2016,8,4.55,13.9
7086361926,09/05/2016,9,4.8,12.38333333
1503960366,28/04/2016,9,4.416666667,13.03333333
1503960366,30/04/2016,9,5.05,11.86666667
2022484408,22/04/2016,8,5.583333333,18.41666667
2022484408,03/05/2016,8,5.6,18.4
2022484408,11/05/2016,9,5.116666667,18.88333333
5553957443,19/04/2016,10,5.766666667,12.6
5577150313,15/04/2016,10,6.133333333,11.58333333
6962181067,21/04/2016,10,4.9,11.8
6962181067,09/05/2016,9,4.916666667,10.11666667
7007744171,22/04/2016,10,6.25,17.75
1503960366,19/04/2016,10,5.75,12.91666667
1503960366,03/05/2016,10,5.466666667,13.6
1644430081,16/04/2016,11,5.083333333,18.91666667
4388161847,18/04/2016,9,4.566666667,16.95
4388161847,02/05/2016,9,4.016666667,15.58333333
5553957443,14/04/2016,11,5.966666667,11.55
5553957443,15/04/2016,11,5.583333333,11.48333333
5553957443,10/05/2016,11,6.1,11.78333333
6962181067,16/04/2016,9,5.55,12.35
6962181067,20/04/2016,9,5.816666667,10.65
7007744171,18/04/2016,11,6.05,17.95
7007744171,19/04/2016,10,6.233333333,17.76666667
7007744171,27/04/2016,10,6.65,17.35
7007744171,03/05/2016,10,6.983333333,17.01666667
7007744171,05/05/2016,10,6.55,17.45
8583815059,29/04/2016,12,6.183333333,17.81666667
2022484408,18/04/2016,10,6.033333333,17.96666667
8877689391,13/04/2016,10,5.7,18.3
2022484408,17/04/2016,12,6.466666667,17.53333333
6962181067,23/04/2016,13,7.433333333,8.066666667
7007744171,25/04/2016,13,7.566666667,16.43333333
7007744171,29/04/2016,14,7.983333333,16.01666667
1503960366,22/04/2016,8,3.716666667,20.28333333
5577150313,18/04/2016,8,4.6,10.38333333
8253242879,12/04/2016,7,3.266666667,20.73333333
8253242879,17/04/2016,7,3.383333333,20.61666667
8378563200,16/04/2016,8,3.783333333,9.383333333
5577150313,01/05/2016,9,7.4,8.316666667
7086361926,12/04/2016,8,3.633333333,12.41666667
7086361926,04/05/2016,8,3.2,14.05
1503960366,25/04/2016,10,5.05,13.56666667
5577150313,03/05/2016,9,5.283333333,9.666666667
7007744171,13/04/2016,10,5.65,18.35
7007744171,02/05/2016,10,5.466666667,18.53333333
8378563200,13/04/2016,10,4.983333333,11.33333333
8378563200,19/04/2016,10,4.883333333,12.28333333
8378563200,22/04/2016,10,4.733333333,12.81666667
8378563200,25/04/2016,10,4.566666667,11.53333333
8877689391,05/05/2016,10,4.5,19.5
2022484408,24/04/2016,11,4.65,19.35
4388161847,23/04/2016,10,4.633333333,12.48333333
7007744171,12/04/2016,10,6.933333333,17.06666667
8378563200,15/04/2016,11,4.55,12.15
8378563200,18/04/2016,11,5.016666667,12
2347167796,16/04/2016,15,6.766666667,16.13333333
7007744171,20/04/2016,12,7.333333333,16.66666667
8877689391,28/04/2016,11,4.95,19.05
8253242879,24/04/2016,7,2.116666667,21.88333333
3977333714,25/04/2016,8,3.2,13.01666667
5577150313,17/04/2016,9,6.6,8.75
8053475328,22/04/2016,8,3,21
8253242879,21/04/2016,9,4.016666667,19.98333333
8253242879,27/04/2016,8,2.566666667,21.43333333
8378563200,01/05/2016,9,3.466666667,11.15
8583815059,09/05/2016,8,3,21
5577150313,30/04/2016,10,6.916666667,10.35
7086361926,27/04/2016,9,3.433333333,13.81666667
8053475328,26/04/2016,9,4.3,19.7
8053475328,27/04/2016,9,4.216666667,19.78333333
8053475328,29/04/2016,9,3.75,20.25
8053475328,09/05/2016,10,3.766666667,20.23333333
8053475328,11/05/2016,9,4.183333333,19.81666667
8378563200,14/04/2016,11,5.3,11.65
1503960366,27/04/2016,11,5.533333333,18.46666667
5577150313,19/04/2016,10,4.033333333,12.21666667
7086361926,10/05/2016,10,3.35,19.7
5577150313,16/04/2016,11,6.633333333,7.866666667
8583815059,27/04/2016,10,3.516666667,20.48333333
8378563200,21/04/2016,12,4.966666667,11.28333333
5577150313,24/04/2016,12,6.933333333,7.083333333
7086361926,20/04/2016,11,4.083333333,13.28333333
8053475328,03/05/2016,12,4.566666667,19.43333333
8378563200,26/04/2016,13,4.483333333,9.883333333
8053475328,16/04/2016,10,3.083333333,20.91666667
8053475328,06/05/2016,11,3.25,20.75
8053475328,04/05/2016,11,3.666666667,20.33333333
8053475328,05/05/2016,11,3.866666667,20.13333333
8053475328,10/05/2016,11,3.683333333,20.31666667
8053475328,18/04/2016,12,5.05,18.95
8053475328,19/04/2016,12,4.8,19.2
8053475328,17/04/2016,14,5.45,18.55
4388161847,07/05/2016,17,7.266666667,8.466666667
8053475328,13/04/2016,12,4.383333333,19.61666667
8053475328,20/04/2016,12,4.2,11.58333333
8053475328,28/04/2016,12,4.2,19.8
4388161847,08/05/2016,14,5.383333333,9.6
8053475328,21/04/2016,13,4.6,19.4
8877689391,22/04/2016,16,4.983333333,19.01666667
8877689391,04/05/2016,16,4.766666667,19.23333333
8053475328,25/04/2016,15,5.6,18.4
8877689391,24/04/2016,16,4.866666667,19.13333333
8877689391,20/04/2016,18,5.283333333,18.71666667
8877689391,09/05/2016,18,5.15,18.85
8877689391,14/04/2016,20,6.316666667,17.68333333
8053475328,12/04/2016,14,4.116666667,19.88333333
8053475328,07/05/2016,15,4.816666667,17.93333333
8053475328,14/04/2016,15,5.283333333,18.71666667
8877689391,19/04/2016,17,5.15,18.85
8877689391,21/04/2016,17,5.35,18.65
8877689391,12/04/2016,20,6.733333333,17.26666667
8053475328,15/04/2016,16,4.966666667,19.03333333
8053475328,24/04/2016,18,5.733333333,18.26666667
8053475328,23/04/2016,18,6.033333333,12.35
8053475328,08/05/2016,18,6.116666667,17.88333333
8877689391,06/05/2016,19,5.75,18.25
8877689391,11/05/2016,19,5.216666667,18.78333333
8877689391,27/04/2016,20,5.6,18.4
8877689391,16/04/2016,25,9.2,14.8
