Id,ActivityDay,Calories,SedentaryMinutes,LightlyActiveMinutes,FairlyActiveMinutes,VeryActiveMinutes,SedentaryActiveDistance,LightActiveDistance,ModeratelyActiveDistance,VeryActiveDistance,StepTotal
1503960366,12/04/2016,1985,728,328,13,25,0,6,1,2,13162
1503960366,13/04/2016,1797,776,217,19,21,0,5,1,2,10735
1503960366,14/04/2016,1776,1218,181,11,30,0,4,0,2,10460
1503960366,15/04/2016,1745,726,209,34,29,0,3,1,2,9762
1503960366,16/04/2016,1863,773,221,10,36,0,5,0,3,12669
1503960366,17/04/2016,1728,539,164,20,38,0,3,1,3,9705
1503960366,18/04/2016,1921,1149,233,16,42,0,5,1,3,13019
1503960366,19/04/2016,2035,775,264,31,50,0,5,1,4,15506
1503960366,20/04/2016,1786,818,205,12,28,0,4,0,2,10544
1503960366,21/04/2016,1775,838,211,8,19,0,5,0,1,9819
1503960366,22/04/2016,1827,1217,130,27,66,0,2,1,5,12764
1503960366,23/04/2016,1949,732,262,21,41,0,5,1,3,14371
1503960366,24/04/2016,1788,709,238,5,39,0,3,0,3,10039
1503960366,25/04/2016,2013,814,216,14,73,0,4,1,5,15355
1503960366,26/04/2016,1970,833,279,23,31,0,6,1,2,13755
1503960366,27/04/2016,2159,1108,243,11,78,0,5,0,6,18134
1503960366,28/04/2016,1898,782,189,28,48,0,4,1,4,13154
1503960366,29/04/2016,1837,815,243,12,16,0,6,1,1,11181
1503960366,30/04/2016,1947,712,217,34,52,0,4,1,4,14673
1503960366,01/05/2016,1820,730,246,35,33,0,3,2,2,10602
1503960366,02/05/2016,2004,798,277,15,41,0,6,1,3,14727
1503960366,03/05/2016,1990,816,254,24,50,0,5,1,4,15103
1503960366,04/05/2016,1819,1179,203,22,36,0,4,1,2,11100
1503960366,05/05/2016,1959,857,250,24,45,0,5,1,3,14070
1503960366,06/05/2016,1896,754,289,6,24,0,6,0,2,12159
1503960366,07/05/2016,1821,833,175,46,37,0,3,2,2,11992
1503960366,08/05/2016,1740,574,203,8,44,0,3,0,4,10060
1503960366,09/05/2016,1819,835,206,11,46,0,4,1,3,12022
1503960366,10/05/2016,1859,746,214,31,46,0,3,1,3,12207
1503960366,11/05/2016,1783,669,251,23,36,0,5,1,3,12770
1503960366,12/05/2016,0,1440,0,0,0,0,0,0,0,0
1624580081,12/04/2016,1432,1294,146,0,0,0,5,0,0,8163
1624580081,13/04/2016,1411,1292,148,0,0,0,5,0,0,7007
1624580081,14/04/2016,1572,1204,236,0,0,0,6,0,0,9107
1624580081,15/04/2016,1344,1344,96,0,0,0,1,0,0,1510
1624580081,16/04/2016,1463,1264,176,0,0,0,3,0,0,5370
1624580081,17/04/2016,1554,1276,127,22,15,0,1,2,1,6175
1624580081,18/04/2016,1604,1214,202,7,17,0,5,1,2,10536
1624580081,19/04/2016,1435,1299,141,0,0,0,2,0,0,2916
1624580081,20/04/2016,1446,1289,151,0,0,0,3,0,0,4974
1624580081,21/04/2016,1467,1254,186,0,0,0,4,0,0,6349
1624580081,22/04/2016,1470,1241,199,0,0,0,3,0,0,4026
1624580081,23/04/2016,1562,1213,227,0,0,0,6,0,0,8538
1624580081,24/04/2016,1617,1221,185,18,16,0,2,1,1,6076
1624580081,25/04/2016,1492,1238,202,0,0,0,4,0,0,6497
1624580081,26/04/2016,1402,1300,140,0,0,0,2,0,0,2826
1624580081,27/04/2016,1670,1233,154,36,17,0,2,2,1,8367
1624580081,28/04/2016,1401,1320,115,5,0,0,2,0,0,2759
1624580081,29/04/2016,1404,1290,150,0,0,0,2,0,0,2390
1624580081,30/04/2016,1655,1182,224,23,11,0,2,1,1,6474
1624580081,01/05/2016,2690,1020,171,63,186,0,2,4,22,36019
1624580081,02/05/2016,1497,1261,166,6,7,0,3,1,1,7155
1624580081,03/05/2016,1334,1344,96,0,0,0,1,0,0,2100
1624580081,04/05/2016,1368,1322,118,0,0,0,1,0,0,2193
1624580081,05/05/2016,1370,1323,117,0,0,0,2,0,0,2470
1624580081,06/05/2016,1341,1338,102,0,0,0,1,0,0,1727
1624580081,07/05/2016,1474,1258,182,0,0,0,1,0,0,2104
1624580081,08/05/2016,1427,1288,152,0,0,0,2,0,0,3427
1624580081,09/05/2016,1328,1349,91,0,0,0,1,0,0,1732
1624580081,10/05/2016,1393,1301,139,0,0,0,2,0,0,2969
1624580081,11/05/2016,1359,1328,112,0,0,0,2,0,0,3134
1624580081,12/05/2016,1002,890,107,0,0,0,2,0,0,2971
1644430081,12/04/2016,3199,1131,256,51,2,0,5,2,0,10694
1644430081,13/04/2016,2902,1259,135,16,30,0,3,1,2,8001
1644430081,14/04/2016,3226,1125,252,58,5,0,5,3,0,11037
1644430081,15/04/2016,2750,1263,170,4,3,0,3,0,0,5263
1644430081,16/04/2016,3493,1135,212,42,51,0,5,2,4,15300
1644430081,17/04/2016,3011,1212,186,13,29,0,4,1,2,8757
1644430081,18/04/2016,2806,1271,121,33,15,0,2,2,1,7132
1644430081,19/04/2016,3300,1099,278,58,5,0,5,3,0,11256
1644430081,20/04/2016,2430,1315,125,0,0,0,2,0,0,2436
1644430081,21/04/2016,2140,1402,38,0,0,0,1,0,0,1223
1644430081,22/04/2016,2344,1354,86,0,0,0,3,0,0,3673
1644430081,23/04/2016,2677,1265,160,15,0,0,4,1,0,6637
1644430081,24/04/2016,2413,1351,89,0,0,0,2,0,0,3321
1644430081,25/04/2016,2497,1337,94,1,8,0,2,0,1,3580
1644430081,26/04/2016,3123,1165,223,41,11,0,5,2,1,9919
1644430081,27/04/2016,2489,1322,118,0,0,0,2,0,0,3032
1644430081,28/04/2016,3108,1157,227,53,3,0,4,2,0,9405
1644430081,29/04/2016,2498,1193,120,0,0,0,2,0,0,3176
1644430081,30/04/2016,3846,816,402,71,9,0,9,3,1,18213
1644430081,01/05/2016,2696,908,146,24,3,0,3,1,0,6132
1644430081,02/05/2016,2580,682,148,7,1,0,2,0,0,3758
1644430081,03/05/2016,3324,1115,221,94,10,0,5,4,1,12850
1644430081,04/05/2016,2222,1388,52,0,0,0,2,0,0,2309
1644430081,05/05/2016,2463,1341,81,12,6,0,2,1,1,4363
1644430081,06/05/2016,3328,1054,369,6,11,0,6,0,1,9787
1644430081,07/05/2016,3404,1139,243,17,41,0,6,1,3,13372
1644430081,08/05/2016,2987,991,295,0,0,0,5,0,0,6724
1644430081,09/05/2016,3008,1099,303,6,32,0,2,0,2,6643
1644430081,10/05/2016,2799,1254,155,19,12,0,5,1,1,9167
1644430081,11/05/2016,1276,713,49,0,0,0,1,0,0,1329
1844505072,12/04/2016,2030,1101,339,0,0,0,4,0,0,6697
1844505072,13/04/2016,1860,1192,248,0,0,0,3,0,0,4929
1844505072,14/04/2016,2130,843,373,0,0,0,5,0,0,7937
1844505072,15/04/2016,1725,527,176,0,0,0,3,0,0,3844
1844505072,16/04/2016,1657,1293,147,0,0,0,2,0,0,3414
1844505072,17/04/2016,1793,1231,199,8,2,0,3,0,0,4525
1844505072,18/04/2016,1814,1211,217,12,0,0,3,0,0,4597
1844505072,19/04/2016,1366,1430,10,0,0,0,0,0,0,197
1844505072,20/04/2016,1349,1439,1,0,0,0,0,0,0,8
1844505072,21/04/2016,2062,1117,308,13,2,0,5,1,0,8054
1844505072,22/04/2016,1827,1220,220,0,0,0,4,0,0,5372
1844505072,23/04/2016,1645,1301,139,0,0,0,2,0,0,3570
1844505072,24/04/2016,1347,1440,0,0,0,0,0,0,0,0
1844505072,25/04/2016,1347,1440,0,0,0,0,0,0,0,0
1844505072,26/04/2016,1347,1440,0,0,0,0,0,0,0,0
1844505072,27/04/2016,1348,1439,1,0,0,0,0,0,0,4
1844505072,28/04/2016,1992,1138,302,0,0,0,5,0,0,6907
1844505072,29/04/2016,1856,1082,247,0,0,0,3,0,0,4920
1844505072,30/04/2016,1763,218,184,0,0,0,3,0,0,4014
1844505072,01/05/2016,1541,585,75,7,0,0,1,0,0,2573
1844505072,02/05/2016,1348,1440,0,0,0,0,0,0,0,0
1844505072,03/05/2016,1742,1256,184,0,0,0,3,0,0,4059
1844505072,04/05/2016,1549,1353,87,0,0,0,1,0,0,2080
1844505072,05/05/2016,1589,1320,120,0,0,0,1,0,0,2237
1844505072,06/05/2016,1351,1438,2,0,0,0,0,0,0,44
1844505072,07/05/2016,1347,1440,0,0,0,0,0,0,0,0
1844505072,08/05/2016,1347,1440,0,0,0,0,0,0,0,0
1844505072,09/05/2016,1347,1440,0,0,0,0,0,0,0,0
1844505072,10/05/2016,1347,1440,0,0,0,0,0,0,0,0
1844505072,11/05/2016,1347,1440,0,0,0,0,0,0,0,0
1844505072,12/05/2016,665,711,0,0,0,0,0,0,0,0
1927972279,12/04/2016,2220,734,55,0,0,0,0,0,0,678
1927972279,13/04/2016,2151,986,32,0,0,0,0,0,0,356
1927972279,14/04/2016,2383,1292,88,9,0,0,1,0,0,2163
1927972279,15/04/2016,2221,941,51,0,0,0,1,0,0,980
1927972279,16/04/2016,2064,1440,0,0,0,0,0,0,0,0
1927972279,17/04/2016,2063,1440,0,0,0,0,0,0,0,0
1927972279,18/04/2016,2111,1423,17,0,0,0,0,0,0,244
1927972279,19/04/2016,2063,1440,0,0,0,0,0,0,0,0
1927972279,20/04/2016,2063,1440,0,0,0,0,0,0,0,0
1927972279,21/04/2016,2064,1440,0,0,0,0,0,0,0,0
1927972279,22/04/2016,2093,1430,10,0,0,0,0,0,0,149
1927972279,23/04/2016,2499,1295,145,0,0,0,2,0,0,2945
1927972279,24/04/2016,2324,1358,75,6,1,0,1,0,0,2090
1927972279,25/04/2016,2100,1303,12,0,0,0,0,0,0,152
1927972279,26/04/2016,2638,1058,192,0,0,0,3,0,0,3761
1927972279,27/04/2016,2063,1440,0,0,0,0,0,0,0,0
1927972279,28/04/2016,2351,1167,95,0,0,0,1,0,0,1675
1927972279,29/04/2016,2063,1440,0,0,0,0,0,0,0,0
1927972279,30/04/2016,2064,1440,0,0,0,0,0,0,0,0
1927972279,01/05/2016,2411,1355,70,1,14,0,1,0,1,2704
1927972279,02/05/2016,2505,1322,94,8,16,0,1,0,1,3790
1927972279,03/05/2016,2195,1413,17,0,10,0,0,0,1,1326
1927972279,04/05/2016,2338,1353,87,0,0,0,1,0,0,1786
1927972279,05/05/2016,2063,1440,0,0,0,0,0,0,0,0
1927972279,06/05/2016,2383,1332,108,0,0,0,1,0,0,2091
1927972279,07/05/2016,2229,1392,48,0,0,0,1,0,0,1510
1927972279,08/05/2016,2063,1440,0,0,0,0,0,0,0,0
1927972279,09/05/2016,2063,1440,0,0,0,0,0,0,0,0
1927972279,10/05/2016,2063,1440,0,0,0,0,0,0,0,0
1927972279,11/05/2016,2063,1440,0,0,0,0,0,0,0,0
1927972279,12/05/2016,1383,966,0,0,0,0,0,0,0,0
2022484408,12/04/2016,2390,1157,227,14,42,0,4,1,3,11875
2022484408,13/04/2016,2601,1100,292,5,43,0,5,0,3,12024
2022484408,14/04/2016,2312,1148,257,3,32,0,5,0,2,10690
2022484408,15/04/2016,2525,1122,282,9,27,0,6,0,2,11034
2022484408,16/04/2016,2177,1237,151,11,41,0,3,1,3,10100
2022484408,17/04/2016,2782,1052,331,29,28,0,7,1,4,15112
2022484408,18/04/2016,2770,1078,311,3,48,0,6,0,4,14131
2022484408,19/04/2016,2489,1152,250,7,31,0,5,0,3,11548
2022484408,20/04/2016,2897,1053,276,63,48,0,5,2,3,15112
2022484408,21/04/2016,3158,1028,255,53,104,0,4,1,3,12453
2022484408,22/04/2016,2638,1105,273,10,52,0,4,0,4,12954
2022484408,23/04/2016,2069,1191,249,0,0,0,4,0,0,6001
2022484408,24/04/2016,2529,1161,216,26,37,0,5,1,5,13481
2022484408,25/04/2016,2470,1171,217,8,44,0,4,0,3,11369
2022484408,26/04/2016,2793,1086,275,24,55,0,5,1,1,10119
2022484408,27/04/2016,2463,1119,282,20,19,0,5,1,1,10159
2022484408,28/04/2016,2296,1123,291,20,6,0,5,1,0,10140
2022484408,29/04/2016,2611,1098,281,40,21,0,6,1,0,10245
2022484408,30/04/2016,2732,1043,361,23,13,0,11,1,1,18387
2022484408,01/05/2016,2380,1142,245,28,25,0,5,1,2,10538
2022484408,02/05/2016,2473,1119,277,8,36,0,4,0,3,10379
2022484408,03/05/2016,2752,1104,250,14,72,0,4,0,4,12183
2022484408,04/05/2016,2649,1105,272,27,36,0,5,1,3,11768
2022484408,05/05/2016,2609,1112,253,20,55,0,5,1,3,11895
2022484408,06/05/2016,2498,1104,295,17,24,0,5,1,2,10227
2022484408,07/05/2016,1995,1269,149,2,20,0,3,0,2,6708
2022484408,08/05/2016,1848,1305,135,0,0,0,2,0,0,3292
2022484408,09/05/2016,2709,1061,297,47,35,0,6,2,2,13379
2022484408,10/05/2016,2797,1084,271,28,57,0,6,1,2,12798
2022484408,11/05/2016,2544,1133,224,25,58,0,4,1,4,13272
2022484408,12/05/2016,1853,728,236,16,16,0,4,1,1,9117
2026352035,12/04/2016,1459,706,181,8,3,0,2,0,0,4414
2026352035,13/04/2016,1521,663,238,0,0,0,3,0,0,4993
2026352035,14/04/2016,1431,653,197,0,0,0,2,0,0,3335
2026352035,15/04/2016,1444,687,188,0,0,0,2,0,0,3821
2026352035,16/04/2016,1373,728,150,0,0,0,2,0,0,2547
2026352035,17/04/2016,1214,1053,60,0,0,0,1,0,0,838
2026352035,18/04/2016,1419,1062,182,0,0,0,2,0,0,3325
2026352035,19/04/2016,1356,785,141,0,0,0,2,0,0,2424
2026352035,20/04/2016,1667,623,327,0,0,0,4,0,0,7222
2026352035,21/04/2016,1370,749,153,0,0,0,2,0,0,2467
2026352035,22/04/2016,1399,712,162,0,0,0,2,0,0,2915
2026352035,23/04/2016,1916,458,432,0,0,0,8,0,0,12357
2026352035,24/04/2016,1401,704,164,0,0,0,2,0,0,3490
2026352035,25/04/2016,1576,821,260,0,0,0,4,0,0,6017
2026352035,26/04/2016,1595,1018,288,0,0,0,4,0,0,5933
2026352035,27/04/2016,1593,586,286,0,0,0,4,0,0,6088
2026352035,28/04/2016,1649,626,331,0,0,0,4,0,0,6375
2026352035,29/04/2016,1692,492,352,0,0,0,5,0,0,7604
2026352035,30/04/2016,1506,594,233,0,0,0,3,0,0,4729
2026352035,01/05/2016,1447,716,191,0,0,0,2,0,0,3609
2026352035,02/05/2016,1690,716,355,0,0,0,4,0,0,7018
2026352035,03/05/2016,1604,981,304,0,0,0,4,0,0,5992
2026352035,04/05/2016,1658,530,345,0,0,0,4,0,0,6564
2026352035,05/05/2016,1926,479,475,0,0,0,8,0,0,12167
2026352035,06/05/2016,1736,511,383,0,0,0,5,0,0,8198
2026352035,07/05/2016,1491,665,229,0,0,0,3,0,0,4193
2026352035,08/05/2016,1555,610,258,0,0,0,3,0,0,5528
2026352035,09/05/2016,1869,543,401,0,0,0,7,0,0,10685
2026352035,10/05/2016,1141,1002,17,0,0,0,0,0,0,254
2026352035,11/05/2016,1698,569,330,0,0,0,5,0,0,8580
2026352035,12/05/2016,1364,330,343,0,0,0,6,0,0,8891
2320127002,12/04/2016,2124,1112,306,9,13,0,6,0,1,10725
2320127002,13/04/2016,2003,1105,335,0,0,0,5,0,0,7275
2320127002,14/04/2016,1696,1249,191,0,0,0,3,0,0,3973
2320127002,15/04/2016,1801,1195,245,0,0,0,4,0,0,5205
2320127002,16/04/2016,1724,1245,195,0,0,0,3,0,0,5057
2320127002,17/04/2016,1852,1191,249,0,0,0,4,0,0,6198
2320127002,18/04/2016,1905,1173,260,7,0,0,4,0,0,6559
2320127002,19/04/2016,1811,1201,228,11,0,0,4,0,0,5997
2320127002,20/04/2016,1922,1146,283,11,0,0,4,0,0,7192
2320127002,21/04/2016,1610,1302,127,10,1,0,2,0,0,3404
2320127002,22/04/2016,1851,1174,266,0,0,0,4,0,0,5583
2320127002,23/04/2016,1804,1129,242,0,0,0,3,0,0,5079
2320127002,24/04/2016,1725,1236,204,0,0,0,3,0,0,4165
2320127002,25/04/2016,1654,1280,152,5,3,0,2,0,0,3588
2320127002,26/04/2016,1632,1293,147,0,0,0,2,0,0,3409
2320127002,27/04/2016,1481,1358,82,0,0,0,1,0,0,1715
2320127002,28/04/2016,1473,1364,76,0,0,0,1,0,0,1532
2320127002,29/04/2016,1410,1395,45,0,0,0,1,0,0,924
2320127002,30/04/2016,1779,1206,234,0,0,0,3,0,0,4571
2320127002,01/05/2016,1403,1400,40,0,0,0,1,0,0,772
2320127002,02/05/2016,1613,1306,123,6,5,0,2,0,0,3634
2320127002,03/05/2016,1878,1204,206,10,20,0,3,0,1,7443
2320127002,04/05/2016,1426,1388,52,0,0,0,1,0,0,1201
2320127002,05/05/2016,1780,1206,223,11,0,0,3,0,0,5202
2320127002,06/05/2016,1742,1236,204,0,0,0,3,0,0,4878
2320127002,07/05/2016,1972,1121,319,0,0,0,5,0,0,7379
2320127002,08/05/2016,1821,1193,247,0,0,0,3,0,0,5161
2320127002,09/05/2016,1630,1295,145,0,0,0,2,0,0,3090
2320127002,10/05/2016,1899,1150,290,0,0,0,4,0,0,6227
2320127002,11/05/2016,1903,1140,300,0,0,0,4,0,0,6424
2320127002,12/05/2016,1125,830,128,0,0,0,2,0,0,2661
2347167796,12/04/2016,2344,964,320,13,28,0,4,1,2,10113
2347167796,13/04/2016,2038,676,195,32,19,0,3,2,2,10352
2347167796,14/04/2016,2010,705,206,48,1,0,4,3,0,10129
2347167796,15/04/2016,2133,720,284,24,1,0,5,1,0,10465
2347167796,16/04/2016,2670,968,268,72,66,0,6,4,5,22244
2347167796,17/04/2016,1882,508,249,7,1,0,3,0,0,5472
2347167796,18/04/2016,1944,678,206,16,11,0,4,1,1,8247
2347167796,19/04/2016,2346,648,382,7,0,0,4,0,0,6711
2347167796,20/04/2016,2198,1011,269,43,11,0,5,2,1,10999
2347167796,21/04/2016,2048,761,208,26,23,0,3,2,2,10080
2347167796,22/04/2016,1946,781,206,27,9,0,3,2,1,7804
2347167796,23/04/2016,2629,591,360,35,32,0,7,1,3,16901
2347167796,24/04/2016,2187,584,360,0,0,0,6,0,0,9471
2347167796,25/04/2016,2095,653,277,11,15,0,5,1,1,9482
2347167796,26/04/2016,1861,732,227,0,0,0,4,0,0,5980
2347167796,27/04/2016,2194,623,295,9,26,0,5,0,2,11423
2347167796,28/04/2016,1854,764,229,0,0,0,4,0,0,5439
2347167796,29/04/2016,403,2,4,0,0,0,0,0,0,42
2873212765,12/04/2016,1982,1061,356,21,2,0,5,1,0,8796
2873212765,13/04/2016,2004,1028,404,8,0,0,5,0,0,7618
2873212765,14/04/2016,1893,1109,331,0,0,0,5,0,0,7910
2873212765,15/04/2016,2063,992,448,0,0,0,6,0,0,8482
2873212765,16/04/2016,2148,1087,305,1,47,0,4,0,3,9685
2873212765,17/04/2016,1529,1272,160,8,0,0,1,0,0,2524
2873212765,18/04/2016,1890,1122,311,6,1,0,5,0,0,7762
2873212765,19/04/2016,1956,1051,389,0,0,0,5,0,0,7948
2873212765,20/04/2016,2094,1035,378,5,22,0,5,0,2,9202
2873212765,21/04/2016,1970,1057,371,10,2,0,5,0,0,8859
2873212765,22/04/2016,2241,1028,366,0,46,0,4,0,0,7286
2873212765,23/04/2016,2021,1077,330,5,28,0,4,0,2,9317
2873212765,24/04/2016,1898,1203,190,1,46,0,2,0,3,6873
2873212765,25/04/2016,1907,1081,359,0,0,0,5,0,0,7373
2873212765,26/04/2016,1882,1124,309,5,2,0,5,0,0,8242
2873212765,27/04/2016,1966,1197,197,0,46,0,2,0,0,3516
2873212765,28/04/2016,1835,1192,213,7,28,0,3,0,2,7913
2873212765,29/04/2016,1780,1191,206,23,20,0,2,1,1,7365
2873212765,30/04/2016,1830,1167,248,20,5,0,4,1,0,8452
2873212765,01/05/2016,1739,1219,196,18,7,0,3,1,0,7399
2873212765,02/05/2016,1878,1099,334,7,0,0,5,0,0,7525
2873212765,03/05/2016,1906,1070,363,6,1,0,5,0,0,7412
2873212765,04/05/2016,2015,1020,420,0,0,0,6,0,0,8278
2873212765,05/05/2016,1971,1093,311,23,13,0,4,1,1,8314
2873212765,06/05/2016,1910,1065,370,5,0,0,5,0,0,7063
2873212765,07/05/2016,1897,1302,52,11,75,0,1,1,2,4940
2873212765,08/05/2016,2096,1068,326,0,46,0,3,0,3,8168
2873212765,09/05/2016,1906,1095,345,0,0,0,5,0,0,7726
2873212765,10/05/2016,1962,1067,373,0,0,0,6,0,0,8275
2873212765,11/05/2016,1826,1121,319,0,0,0,4,0,0,6440
2873212765,12/05/2016,1431,720,268,0,0,0,5,0,0,7566
3372868164,12/04/2016,1788,1160,280,0,0,0,3,0,0,4747
3372868164,13/04/2016,2093,1045,371,8,16,0,5,0,1,9715
3372868164,14/04/2016,2065,1039,370,25,6,0,5,1,0,8844
3372868164,15/04/2016,1908,1105,335,0,0,0,5,0,0,7451
3372868164,16/04/2016,1908,1084,356,0,0,0,5,0,0,6905
3372868164,17/04/2016,1964,1105,322,2,11,0,4,0,1,8199
3372868164,18/04/2016,2014,1070,343,7,20,0,3,0,1,6798
3372868164,19/04/2016,1985,1064,376,0,0,0,5,0,0,7711
3372868164,20/04/2016,1867,1148,274,3,15,0,2,0,1,4880
3372868164,21/04/2016,2124,1037,376,9,18,0,5,0,1,8857
3372868164,22/04/2016,1669,1234,206,0,0,0,3,0,0,3843
3372868164,23/04/2016,1995,1115,303,2,20,0,4,0,1,7396
3372868164,24/04/2016,1921,1127,292,7,14,0,3,0,1,6731
3372868164,25/04/2016,2010,1024,416,0,0,0,4,0,0,5995
3372868164,26/04/2016,2057,1083,333,2,22,0,4,0,2,8283
3372868164,27/04/2016,2095,1057,346,13,24,0,3,1,2,7904
3372868164,28/04/2016,1972,1055,385,0,0,0,4,0,0,5512
3372868164,29/04/2016,2044,1038,402,0,0,0,6,0,0,9135
3372868164,30/04/2016,1946,1119,300,4,17,0,2,0,1,5250
3372868164,01/05/2016,1237,842,172,0,0,0,2,0,0,3077
3977333714,12/04/2016,1450,777,131,19,44,0,2,1,3,8856
3977333714,13/04/2016,1495,754,153,46,31,0,3,2,2,10035
3977333714,14/04/2016,1433,801,214,23,5,0,4,1,0,7641
3977333714,15/04/2016,1468,644,183,42,15,0,3,2,1,9010
3977333714,16/04/2016,1625,663,153,83,31,0,3,4,2,13459
3977333714,17/04/2016,1529,600,205,58,11,0,4,2,1,10415
3977333714,18/04/2016,1584,605,214,95,4,0,4,4,0,11663
3977333714,19/04/2016,1638,738,221,67,19,0,4,2,2,12414
3977333714,20/04/2016,1554,845,164,98,2,0,3,4,0,11658
3977333714,21/04/2016,1397,712,242,0,0,0,4,0,0,6093
3977333714,22/04/2016,1481,731,188,12,33,0,3,1,2,8911
3977333714,23/04/2016,1638,724,252,92,0,0,4,4,0,12058
3977333714,24/04/2016,1655,660,129,95,30,0,2,5,3,14112
3977333714,25/04/2016,1570,781,133,9,50,0,2,0,6,11177
3977333714,26/04/2016,1551,797,170,95,7,0,3,4,0,11388
3977333714,27/04/2016,1377,714,176,10,0,0,5,0,0,7193
3977333714,28/04/2016,1407,804,190,8,15,0,3,0,1,7114
3977333714,29/04/2016,1545,744,150,32,36,0,3,1,4,10645
3977333714,30/04/2016,1650,687,194,52,43,0,3,2,4,13238
3977333714,01/05/2016,1501,691,124,40,41,0,2,2,3,10414
3977333714,02/05/2016,1760,713,176,143,24,0,3,6,2,16520
3977333714,03/05/2016,1710,594,258,41,47,0,5,2,3,14335
3977333714,04/05/2016,1628,852,142,96,14,0,3,5,2,13559
3977333714,05/05/2016,1618,680,178,88,14,0,3,4,2,12312
3977333714,06/05/2016,1590,676,168,55,29,0,3,3,3,11677
3977333714,07/05/2016,1574,703,208,86,0,0,4,4,0,11550
3977333714,08/05/2016,1633,688,171,116,9,0,3,5,1,13585
3977333714,09/05/2016,1667,1159,151,122,8,0,4,6,1,14687
3977333714,10/05/2016,1630,676,196,115,1,0,3,5,0,13072
3977333714,11/05/2016,52,13,9,0,4,0,0,0,0,746
4020332650,12/04/2016,3654,712,331,15,4,0,6,0,0,8539
4020332650,13/04/2016,1981,1440,0,0,0,0,0,0,0,0
4020332650,14/04/2016,2011,1437,3,0,0,0,0,0,0,108
4020332650,15/04/2016,2951,1299,87,18,36,0,1,0,0,1882
4020332650,16/04/2016,3051,1222,55,21,65,0,1,0,0,1982
4020332650,17/04/2016,1990,1438,2,0,0,0,0,0,0,16
4020332650,18/04/2016,1995,1438,2,0,0,0,0,0,0,62
4020332650,19/04/2016,1980,1440,0,0,0,0,0,0,0,0
4020332650,20/04/2016,1980,1440,0,0,0,0,0,0,0,0
4020332650,21/04/2016,1980,1440,0,0,0,0,0,0,0,0
4020332650,22/04/2016,1980,1440,0,0,0,0,0,0,0,0
4020332650,23/04/2016,1980,1440,0,0,0,0,0,0,0,0
4020332650,24/04/2016,1980,1440,0,0,0,0,0,0,0,0
4020332650,25/04/2016,1980,1440,0,0,0,0,0,0,0,0
4020332650,26/04/2016,1980,1440,0,0,0,0,0,0,0,0
4020332650,27/04/2016,1980,1440,0,0,0,0,0,0,0,0
4020332650,28/04/2016,1980,1440,0,0,0,0,0,0,0,0
4020332650,29/04/2016,1980,1440,0,0,0,0,0,0,0,0
4020332650,30/04/2016,1980,1440,0,0,0,0,0,0,0,0
4020332650,01/05/2016,1980,1440,0,0,0,0,0,0,0,0
4020332650,02/05/2016,2207,1350,31,11,0,0,0,0,0,475
4020332650,03/05/2016,2828,950,174,0,0,0,3,0,0,4496
4020332650,04/05/2016,3879,531,346,46,13,0,6,1,1,10252
4020332650,05/05/2016,3429,916,196,42,38,0,4,2,3,11728
4020332650,06/05/2016,2704,855,177,0,0,0,3,0,0,4369
4020332650,07/05/2016,2975,1256,184,0,0,0,4,0,0,6132
4020332650,08/05/2016,3089,775,263,0,0,0,4,0,0,5862
4020332650,09/05/2016,2785,1225,173,5,3,0,3,0,0,4556
4020332650,10/05/2016,2926,774,206,0,0,0,4,0,0,5546
4020332650,11/05/2016,2645,1296,134,8,2,0,2,0,0,3689
4020332650,12/05/2016,1120,721,21,0,0,0,0,0,0,590
4057192912,12/04/2016,2286,1276,164,0,0,0,4,0,0,5394
4057192912,13/04/2016,2306,1280,160,0,0,0,4,0,0,5974
4057192912,14/04/2016,1776,1440,0,0,0,0,0,0,0,0
4057192912,15/04/2016,1527,873,88,6,3,0,2,0,0,3984
4319703577,12/04/2016,2115,1440,0,0,0,0,0,0,0,7753
4319703577,13/04/2016,2135,1234,96,15,8,0,1,1,1,8204
4319703577,14/04/2016,2302,589,339,9,1,0,6,0,0,10210
4319703577,15/04/2016,1985,752,228,0,0,0,4,0,0,5664
4319703577,16/04/2016,1884,724,194,0,0,0,3,0,0,4744
4319703577,17/04/2016,1464,1363,3,0,0,0,0,0,0,29
4319703577,18/04/2016,1632,824,58,9,1,0,1,0,0,2276
4319703577,19/04/2016,2200,604,311,0,0,0,6,0,0,8925
4319703577,20/04/2016,2220,671,306,18,0,0,5,1,0,8954
4319703577,21/04/2016,1792,1265,34,0,0,0,0,0,0,3702
4319703577,22/04/2016,1886,709,176,19,1,0,2,1,0,4500
4319703577,23/04/2016,1945,546,233,0,0,0,3,0,0,4935
4319703577,24/04/2016,1880,692,191,5,1,0,2,0,0,4081
4319703577,25/04/2016,2314,544,390,8,0,0,6,0,0,9259
4319703577,26/04/2016,2236,649,288,21,8,0,5,1,1,9899
4319703577,27/04/2016,2324,680,300,47,6,0,5,2,0,10780
4319703577,28/04/2016,2367,552,359,8,13,0,6,0,1,10817
4319703577,29/04/2016,2175,624,289,18,6,0,4,1,0,7990
4319703577,30/04/2016,2092,695,196,38,6,0,4,2,0,8221
4319703577,01/05/2016,1593,836,67,0,0,0,1,0,0,1251
4319703577,02/05/2016,2270,585,344,11,0,0,6,0,0,9261
4319703577,03/05/2016,2235,669,287,26,8,0,5,1,1,9648
4319703577,04/05/2016,2282,1106,313,13,8,0,6,1,1,10429
4319703577,05/05/2016,2530,957,328,34,27,0,5,1,3,13658
4319703577,06/05/2016,2266,692,314,11,6,0,5,0,0,9524
4319703577,07/05/2016,2158,586,279,28,3,0,4,1,0,7937
4319703577,08/05/2016,1792,603,153,0,0,0,2,0,0,3672
4319703577,09/05/2016,2345,490,374,14,2,0,6,1,0,10378
4319703577,10/05/2016,2260,555,329,12,3,0,6,0,0,9487
4319703577,11/05/2016,2232,574,311,18,3,0,5,1,0,9129
4319703577,12/05/2016,257,0,2,0,0,0,0,0,0,17
4388161847,12/04/2016,2955,1440,0,0,0,0,0,0,0,10122
4388161847,13/04/2016,3092,1275,150,14,1,0,4,1,0,10993
4388161847,14/04/2016,2998,945,219,35,10,0,6,1,0,8863
4388161847,15/04/2016,3066,837,299,0,0,0,7,0,0,8758
4388161847,16/04/2016,3073,609,253,9,6,0,4,0,0,6580
4388161847,17/04/2016,2572,721,201,0,0,0,4,0,0,4660
4388161847,18/04/2016,3274,1017,239,8,27,0,5,0,4,11009
4388161847,19/04/2016,3015,704,249,16,20,0,6,1,1,10181
4388161847,20/04/2016,3083,696,228,42,19,0,5,2,1,10553
4388161847,21/04/2016,3069,853,272,12,7,0,7,0,0,10055
4388161847,22/04/2016,3544,945,220,25,77,0,5,1,3,12139
4388161847,23/04/2016,3306,749,215,5,58,0,5,0,5,13236
4388161847,24/04/2016,2885,584,239,8,14,0,6,1,1,10243
4388161847,25/04/2016,3288,1054,301,31,11,0,8,1,1,12961
4388161847,26/04/2016,2929,673,224,23,14,0,5,1,1,9461
4388161847,27/04/2016,3074,684,241,48,11,0,5,3,1,11193
4388161847,28/04/2016,2969,878,234,9,19,0,6,0,1,10074
4388161847,29/04/2016,2979,1175,236,16,13,0,5,1,1,9232
4388161847,30/04/2016,3283,537,300,43,14,0,7,2,1,12533
4388161847,01/05/2016,2926,579,241,15,12,0,6,1,1,10255
4388161847,02/05/2016,3147,935,204,4,33,0,5,0,4,10096
4388161847,03/05/2016,3290,984,306,18,18,0,8,1,1,12727
4388161847,04/05/2016,3162,632,251,21,35,0,6,1,3,12375
4388161847,05/05/2016,2899,896,199,39,12,0,5,2,1,9603
4388161847,06/05/2016,3425,1100,262,45,33,0,6,2,2,13175
4388161847,07/05/2016,4022,508,260,56,120,0,5,3,9,22770
4388161847,08/05/2016,3934,576,178,38,107,0,3,1,10,17298
4388161847,09/05/2016,3013,1020,258,19,6,0,7,1,0,10218
4388161847,10/05/2016,3061,648,267,14,13,0,6,1,1,10299
4388161847,11/05/2016,2954,858,256,18,8,0,7,1,1,10201
4388161847,12/05/2016,1623,825,108,0,0,0,3,0,0,3369
4445114986,12/04/2016,2113,787,196,0,0,0,2,0,0,3276
4445114986,13/04/2016,2095,840,194,0,0,0,2,0,0,2961
4445114986,14/04/2016,2194,717,231,0,0,0,3,0,0,3974
4445114986,15/04/2016,2496,711,350,0,0,0,5,0,0,7198
4445114986,16/04/2016,2180,716,225,0,0,0,3,0,0,3945
4445114986,17/04/2016,1933,1219,114,0,0,0,2,0,0,2268
4445114986,18/04/2016,2248,1247,162,6,25,0,2,0,2,6155
4445114986,19/04/2016,1954,895,121,0,0,0,1,0,0,2064
4445114986,20/04/2016,1974,841,137,0,0,0,1,0,0,2072
4445114986,21/04/2016,2150,756,215,0,0,0,3,0,0,3809
4445114986,22/04/2016,2432,706,317,0,0,0,5,0,0,6831
4445114986,23/04/2016,2149,1239,201,0,0,0,3,0,0,4363
4445114986,24/04/2016,2247,1196,244,0,0,0,3,0,0,5002
4445114986,25/04/2016,2070,916,179,0,0,0,2,0,0,3385
4445114986,26/04/2016,2291,839,180,1,29,0,2,0,2,6326
4445114986,27/04/2016,2361,839,194,1,32,0,2,0,3,7243
4445114986,28/04/2016,2203,762,236,0,0,0,3,0,0,4493
4445114986,29/04/2016,2196,1106,226,0,0,0,3,0,0,4676
4445114986,30/04/2016,2363,797,290,0,0,0,4,0,0,6222
4445114986,01/05/2016,2246,741,240,0,0,0,4,0,0,5232
4445114986,02/05/2016,2336,667,200,4,27,0,2,0,2,6910
4445114986,03/05/2016,2421,725,233,2,30,0,3,0,2,7502
4445114986,04/05/2016,2070,897,180,0,0,0,2,0,0,2923
4445114986,05/05/2016,2120,734,185,6,2,0,2,0,0,3800
4445114986,06/05/2016,2211,809,229,0,0,0,3,0,0,4514
4445114986,07/05/2016,2123,866,108,4,26,0,1,0,2,5183
4445114986,08/05/2016,2423,733,308,8,0,0,5,0,0,7303
4445114986,09/05/2016,2281,641,266,0,0,0,4,0,0,5275
4445114986,10/05/2016,2181,783,231,0,0,0,3,0,0,3915
4445114986,11/05/2016,2499,622,232,22,34,0,3,1,2,9105
4445114986,12/05/2016,1212,380,58,0,0,0,1,0,0,768
4558609924,12/04/2016,1909,1122,318,0,0,0,3,0,0,5135
4558609924,13/04/2016,1722,1287,127,7,19,0,2,0,1,4978
4558609924,14/04/2016,1922,1161,279,0,0,0,4,0,0,6799
4558609924,15/04/2016,2121,1131,262,30,17,0,4,1,1,7795
4558609924,16/04/2016,1997,1112,308,12,8,0,4,1,1,7289
4558609924,17/04/2016,2117,1110,304,19,7,0,5,1,1,9634
4558609924,18/04/2016,2116,1080,331,15,14,0,4,1,1,8940
4558609924,19/04/2016,1876,1182,248,9,1,0,3,0,0,5401
4558609924,20/04/2016,1788,1218,222,0,0,0,3,0,0,4803
4558609924,21/04/2016,2486,844,432,21,6,0,8,1,0,13743
4558609924,22/04/2016,2094,1122,273,25,20,0,3,2,1,9601
4558609924,23/04/2016,2085,1122,308,5,5,0,4,0,0,6890
4558609924,24/04/2016,2173,1045,395,0,0,0,6,0,0,8563
4558609924,25/04/2016,2225,993,340,10,18,0,5,0,1,8095
4558609924,26/04/2016,2223,1062,283,41,12,0,4,2,0,9148
4558609924,27/04/2016,2098,1087,312,14,27,0,3,1,2,9557
4558609924,28/04/2016,2185,985,367,11,1,0,6,0,0,9451
4558609924,29/04/2016,1918,1096,197,29,15,0,2,2,1,7833
4558609924,30/04/2016,2105,1111,293,29,7,0,4,2,0,10319
4558609924,01/05/2016,1692,1121,190,0,0,0,2,0,0,3428
4558609924,02/05/2016,2066,1057,383,0,0,0,5,0,0,7891
4558609924,03/05/2016,1953,1172,237,10,21,0,3,0,1,5267
4558609924,04/05/2016,1842,1188,252,0,0,0,3,0,0,5232
4558609924,05/05/2016,2262,1048,370,8,14,0,6,1,1,10611
4558609924,06/05/2016,1722,1238,202,0,0,0,2,0,0,3755
4558609924,07/05/2016,1973,1116,233,16,23,0,3,1,2,8237
4558609924,08/05/2016,2666,1019,238,35,66,0,2,1,2,6543
4558609924,09/05/2016,2223,1065,339,30,6,0,6,2,0,11451
4558609924,10/05/2016,1889,1191,220,18,11,0,2,1,1,6435
4558609924,11/05/2016,2131,1081,324,31,4,0,4,2,0,9108
4558609924,12/05/2016,1452,736,247,0,0,0,4,0,0,6307
4702921684,12/04/2016,2947,718,263,0,0,0,6,0,0,7213
4702921684,13/04/2016,2898,777,258,0,0,0,6,0,0,6877
4702921684,14/04/2016,2984,772,271,0,0,0,6,0,0,7860
4702921684,15/04/2016,2896,944,256,8,1,0,5,0,0,6506
4702921684,16/04/2016,3328,556,335,24,3,0,8,1,0,11140
4702921684,17/04/2016,3394,437,302,66,12,0,6,3,1,12692
4702921684,18/04/2016,3013,890,191,30,22,0,4,1,2,9105
4702921684,19/04/2016,2812,757,179,8,10,0,4,0,1,6708
4702921684,20/04/2016,3061,717,260,29,2,0,6,1,0,8793
4702921684,21/04/2016,2729,901,144,41,4,0,3,2,0,6530
4702921684,22/04/2016,2241,1341,72,0,0,0,1,0,0,1664
4702921684,23/04/2016,3691,469,408,66,9,0,8,3,1,15126
4702921684,24/04/2016,3538,542,281,95,15,0,6,5,1,15050
4702921684,25/04/2016,3064,730,270,15,6,0,6,1,0,9167
4702921684,26/04/2016,2784,765,216,8,1,0,5,0,0,6108
4702921684,27/04/2016,2908,733,238,16,1,0,5,1,0,7047
4702921684,28/04/2016,3033,738,232,9,14,0,6,0,1,9023
4702921684,29/04/2016,3165,692,267,19,12,0,6,1,1,9930
4702921684,30/04/2016,3115,728,263,36,4,0,6,2,0,10144
4702921684,01/05/2016,2017,1440,0,0,0,0,0,0,0,0
4702921684,02/05/2016,2859,1131,195,40,5,0,4,2,0,7245
4702921684,03/05/2016,3145,729,313,0,0,0,8,0,0,9454
4702921684,04/05/2016,3004,757,251,15,4,0,6,1,0,8161
4702921684,05/05/2016,3006,745,241,5,8,0,6,0,1,8614
4702921684,06/05/2016,2859,682,207,16,1,0,5,1,0,6943
4702921684,07/05/2016,3683,577,439,46,5,0,9,2,0,14370
4702921684,08/05/2016,3287,1019,192,125,9,0,4,6,1,12857
4702921684,09/05/2016,2990,746,253,12,0,0,6,1,0,8232
4702921684,10/05/2016,3172,701,262,37,1,0,7,2,0,10613
4702921684,11/05/2016,3069,784,235,41,10,0,5,2,1,9810
4702921684,12/05/2016,1240,241,68,0,0,0,2,0,0,2752
5553957443,12/04/2016,2026,767,277,13,19,0,5,1,1,11596
5553957443,13/04/2016,1718,647,226,0,0,0,3,0,0,4832
5553957443,14/04/2016,2324,693,256,41,61,0,5,2,4,17022
5553957443,15/04/2016,2254,689,239,38,58,0,5,2,4,16556
5553957443,16/04/2016,1831,521,288,0,0,0,4,0,0,5771
5553957443,17/04/2016,1397,943,46,0,0,0,0,0,0,655
5553957443,18/04/2016,1683,622,206,0,0,0,2,0,0,3727
5553957443,19/04/2016,2284,756,249,28,69,0,4,2,4,15482
5553957443,20/04/2016,1570,598,148,0,0,0,2,0,0,2713
5553957443,21/04/2016,2066,801,177,42,47,0,3,2,3,12346
5553957443,22/04/2016,2105,781,270,16,25,0,6,1,1,11682
5553957443,23/04/2016,1776,443,272,0,0,0,3,0,0,4112
5553957443,24/04/2016,1507,582,104,0,0,0,1,0,0,1807
5553957443,25/04/2016,2033,732,201,11,51,0,4,1,3,10946
5553957443,26/04/2016,2093,750,238,18,40,0,4,1,2,11886
5553957443,27/04/2016,1922,745,206,16,16,0,5,1,1,10538
5553957443,28/04/2016,1999,727,165,13,49,0,3,1,4,11393
5553957443,29/04/2016,2169,709,270,15,46,0,5,1,3,12764
5553957443,30/04/2016,1463,506,84,0,0,0,1,0,0,1202
5553957443,01/05/2016,1747,436,237,0,0,0,3,0,0,5164
5553957443,02/05/2016,1996,724,227,9,23,0,5,0,1,9769
5553957443,03/05/2016,2116,812,247,29,26,0,6,1,2,12848
5553957443,04/05/2016,1698,651,224,0,0,0,3,0,0,4249
5553957443,05/05/2016,2156,692,241,29,44,0,4,2,3,14331
5553957443,06/05/2016,1916,761,229,9,21,0,4,1,2,9632
5553957443,07/05/2016,1494,902,96,0,0,0,1,0,0,1868
5553957443,08/05/2016,1762,505,210,8,3,0,3,0,0,6083
5553957443,09/05/2016,2272,667,251,22,59,0,5,1,2,11611
5553957443,10/05/2016,2335,707,265,40,61,0,5,2,4,16358
5553957443,11/05/2016,1693,628,195,0,0,0,3,0,0,4926
5553957443,12/05/2016,741,222,48,6,8,0,1,0,1,3121
5577150313,12/04/2016,3405,728,140,16,86,0,2,0,4,8135
5577150313,13/04/2016,2551,776,144,11,15,0,3,0,0,5077
5577150313,14/04/2016,4022,662,176,30,118,0,3,0,3,8596
5577150313,15/04/2016,4005,695,199,54,115,0,4,2,4,12087
5577150313,16/04/2016,4274,472,158,56,184,0,3,1,7,14269
5577150313,17/04/2016,4552,525,159,37,200,0,2,1,6,12231
5577150313,18/04/2016,3625,623,130,32,114,0,2,1,5,9893
5577150313,19/04/2016,3501,733,111,23,108,0,2,1,7,12574
5577150313,20/04/2016,3192,773,113,16,87,0,2,0,4,8330
5577150313,21/04/2016,4018,670,175,74,110,0,3,2,4,10830
5577150313,22/04/2016,3329,823,200,30,62,0,3,1,2,9172
5577150313,23/04/2016,3152,627,223,24,24,0,4,0,1,7638
5577150313,24/04/2016,4392,425,141,65,210,0,2,2,8,15764
5577150313,25/04/2016,3374,743,214,38,61,0,3,1,1,6393
5577150313,26/04/2016,3088,759,181,32,38,0,2,1,1,5325
5577150313,27/04/2016,3294,773,190,16,63,0,3,0,2,6805
5577150313,28/04/2016,3580,692,141,51,99,0,3,1,3,9841
5577150313,29/04/2016,3544,739,165,36,97,0,2,1,3,7924
5577150313,30/04/2016,4501,621,163,45,207,0,3,1,6,12363
5577150313,01/05/2016,4546,499,178,72,194,0,3,1,5,13368
5577150313,02/05/2016,3014,732,235,20,37,0,4,0,1,7439
5577150313,03/05/2016,3795,580,212,8,97,0,4,0,5,11045
5577150313,04/05/2016,2755,631,141,9,25,0,2,0,2,5206
5577150313,05/05/2016,3004,1153,143,21,45,0,3,0,3,7550
5577150313,06/05/2016,2643,1304,79,16,41,0,1,0,2,4950
5577150313,07/05/2016,1819,1440,0,0,0,0,0,0,0,0
5577150313,08/05/2016,1819,1440,0,0,0,0,0,0,0,0
5577150313,09/05/2016,2489,1099,70,11,34,0,1,0,1,3421
5577150313,10/05/2016,3841,639,194,37,104,0,3,1,3,8869
5577150313,11/05/2016,1665,257,63,15,45,0,1,0,2,4038
6117666160,12/04/2016,1496,1440,0,0,0,0,0,0,0,0
6117666160,13/04/2016,1496,1440,0,0,0,0,0,0,0,0
6117666160,14/04/2016,1496,1440,0,0,0,0,0,0,0,0
6117666160,15/04/2016,2865,921,513,6,0,0,10,0,0,14019
6117666160,16/04/2016,2828,502,518,15,7,0,9,1,1,14450
6117666160,17/04/2016,2225,702,312,0,0,0,5,0,0,7150
6117666160,18/04/2016,2018,759,241,0,0,0,4,0,0,5153
6117666160,19/04/2016,2606,425,480,0,0,0,8,0,0,11135
6117666160,20/04/2016,2536,587,349,10,26,0,6,0,2,10449
6117666160,21/04/2016,4900,579,294,19,11,0,6,0,1,19542
6117666160,22/04/2016,2409,413,402,0,0,0,6,0,0,8206
6117666160,23/04/2016,2651,468,512,0,0,0,9,0,0,11495
6117666160,24/04/2016,2305,711,362,0,0,0,6,0,0,7623
6117666160,25/04/2016,1497,1440,0,0,0,0,0,0,0,0
6117666160,26/04/2016,2450,1077,352,7,0,0,7,0,0,9543
6117666160,27/04/2016,2576,417,458,0,0,0,7,0,0,9411
6117666160,28/04/2016,1879,758,141,0,0,0,3,0,0,3403
6117666160,29/04/2016,2560,479,461,0,0,0,7,0,0,9592
6117666160,30/04/2016,2275,1040,343,0,0,0,5,0,0,6987
6117666160,01/05/2016,2361,525,397,0,0,0,7,0,0,8915
6117666160,02/05/2016,2044,1204,236,0,0,0,4,0,0,4933
6117666160,03/05/2016,1496,1440,0,0,0,0,0,0,0,0
6117666160,04/05/2016,1902,1279,156,0,0,0,2,0,0,2997
6117666160,05/05/2016,2636,479,487,0,0,0,7,0,0,9799
6117666160,06/05/2016,1838,673,133,0,0,0,3,0,0,3365
6117666160,07/05/2016,2469,456,412,0,0,0,6,0,0,7336
6117666160,08/05/2016,2250,517,318,0,0,0,6,0,0,7328
6117666160,09/05/2016,1248,125,197,0,0,0,3,0,0,4477
6290855005,12/04/2016,2560,1241,199,0,0,0,3,0,0,4562
6290855005,13/04/2016,2905,1090,350,0,0,0,5,0,0,7142
6290855005,14/04/2016,2952,1077,363,0,0,0,6,0,0,7671
6290855005,15/04/2016,2896,1112,328,0,0,0,7,0,0,9501
6290855005,16/04/2016,2783,1182,258,0,0,0,6,0,0,8301
6290855005,17/04/2016,3171,1172,225,12,31,0,4,1,1,7851
6290855005,18/04/2016,2766,1169,271,0,0,0,5,0,0,6885
6290855005,19/04/2016,2839,1119,321,0,0,0,5,0,0,7142
6290855005,20/04/2016,2701,1182,258,0,0,0,5,0,0,6361
6290855005,21/04/2016,2060,1440,0,0,0,0,0,0,0,0
6290855005,22/04/2016,2796,1138,302,0,0,0,5,0,0,6238
6290855005,23/04/2016,2664,1407,0,0,33,0,0,0,0,0
6290855005,24/04/2016,2703,1182,258,0,0,0,4,0,0,5896
6290855005,25/04/2016,2771,1180,249,3,8,0,5,0,1,7802
6290855005,26/04/2016,2060,1440,0,0,0,0,0,0,0,0
6290855005,27/04/2016,2743,1153,287,0,0,0,4,0,0,5565
6290855005,28/04/2016,2687,1185,255,0,0,0,4,0,0,5731
6290855005,29/04/2016,2060,1440,0,0,0,0,0,0,0,0
6290855005,30/04/2016,2843,1116,324,0,0,0,5,0,0,6744
6290855005,01/05/2016,3327,1055,282,95,8,0,4,3,1,9837
6290855005,02/05/2016,2725,1172,268,0,0,0,5,0,0,6781
6290855005,03/05/2016,2671,1200,240,0,0,0,5,0,0,6047
6290855005,04/05/2016,2718,1168,272,0,0,0,4,0,0,5832
6290855005,05/05/2016,2682,1201,239,0,0,0,5,0,0,6339
6290855005,06/05/2016,2806,1135,305,0,0,0,5,0,0,6116
6290855005,07/05/2016,2613,1213,227,0,0,0,4,0,0,5510
6290855005,08/05/2016,2712,1189,251,0,0,0,6,0,0,7706
6290855005,09/05/2016,2175,800,264,0,0,0,5,0,0,6277
6290855005,10/05/2016,0,1440,0,0,0,0,0,0,0,0
6775888955,12/04/2016,1841,1440,0,0,0,0,0,0,0,0
6775888955,13/04/2016,2400,1053,85,18,17,0,1,1,1,4053
6775888955,14/04/2016,2507,863,105,24,14,0,2,1,1,5162
6775888955,15/04/2016,2127,976,58,0,0,0,1,0,0,1282
6775888955,16/04/2016,2225,1377,9,18,36,0,0,1,3,4732
6775888955,17/04/2016,2067,1392,19,24,5,0,0,1,0,2497
6775888955,18/04/2016,2798,1233,146,31,30,0,3,1,2,8294
6775888955,19/04/2016,1841,1440,0,0,0,0,0,0,0,0
6775888955,20/04/2016,3727,1079,178,113,70,0,2,2,4,10771
6775888955,21/04/2016,1841,1440,0,0,0,0,0,0,0,0
6775888955,22/04/2016,1922,1420,20,0,0,0,0,0,0,637
6775888955,23/04/2016,1841,1440,0,0,0,0,0,0,0,0
6775888955,24/04/2016,2053,1400,11,18,11,0,0,1,1,2153
6775888955,25/04/2016,2484,1302,92,13,33,0,2,0,2,6474
6775888955,26/04/2016,2584,1321,47,30,42,0,1,1,3,7091
6775888955,27/04/2016,1841,1440,0,0,0,0,0,0,0,0
6775888955,28/04/2016,1993,1410,15,13,2,0,0,0,0,703
6775888955,29/04/2016,1841,1440,0,0,0,0,0,0,0,0
6775888955,30/04/2016,2280,1344,84,9,3,0,1,0,0,2503
6775888955,01/05/2016,2319,1347,50,34,9,0,1,1,0,2487
6775888955,02/05/2016,1841,1440,0,0,0,0,0,0,0,0
6775888955,03/05/2016,1843,1439,1,0,0,0,0,0,0,9
6775888955,04/05/2016,1841,1440,0,0,0,0,0,0,0,0
6775888955,05/05/2016,1841,1440,0,0,0,0,0,0,0,0
6775888955,06/05/2016,2496,1318,75,35,12,0,2,1,0,4697
6775888955,07/05/2016,1032,551,49,5,2,0,1,0,0,1967
6962181067,12/04/2016,1994,796,189,14,50,0,3,1,3,10199
6962181067,13/04/2016,1718,548,142,24,8,0,2,1,1,5652
6962181067,14/04/2016,1466,862,86,0,0,0,1,0,0,1551
6962181067,15/04/2016,1756,837,217,0,0,0,4,0,0,5563
6962181067,16/04/2016,2173,741,280,3,50,0,5,0,4,13217
6962181067,17/04/2016,2027,634,295,13,5,0,6,1,0,10145
6962181067,18/04/2016,2039,689,238,42,13,0,4,2,1,11404
6962181067,19/04/2016,2046,659,195,41,35,0,3,2,2,10742
6962181067,20/04/2016,2174,639,297,4,48,0,5,0,4,13928
6962181067,21/04/2016,2179,708,214,27,53,0,4,2,4,11835
6962181067,22/04/2016,2086,659,240,33,30,0,4,2,2,10725
6962181067,23/04/2016,2571,484,347,41,58,0,7,2,4,20031
6962181067,24/04/2016,1705,720,199,0,0,0,3,0,0,5029
6962181067,25/04/2016,2194,637,282,31,35,0,4,2,3,13239
6962181067,26/04/2016,2012,680,254,7,36,0,4,0,3,10433
6962181067,27/04/2016,2034,697,279,38,7,0,4,2,1,10320
6962181067,28/04/2016,2182,621,288,8,38,0,6,0,3,12627
6962181067,29/04/2016,2254,645,369,15,12,0,6,0,1,10762
6962181067,30/04/2016,2002,731,237,16,32,0,4,1,2,10081
6962181067,01/05/2016,1740,722,215,0,0,0,4,0,0,5454
6962181067,02/05/2016,2162,655,313,39,18,0,5,2,1,12912
6962181067,03/05/2016,2072,654,267,36,21,0,4,2,2,12109
6962181067,04/05/2016,2086,683,284,36,15,0,5,2,0,10147
6962181067,05/05/2016,2066,591,305,22,14,0,5,1,1,10524
6962181067,06/05/2016,1850,717,299,0,0,0,4,0,0,5908
6962181067,07/05/2016,1947,745,328,0,0,0,5,0,0,6815
6962181067,08/05/2016,1659,709,151,14,0,0,2,1,0,4188
6962181067,09/05/2016,2105,607,231,21,43,0,4,1,4,12342
6962181067,10/05/2016,2361,626,275,34,62,0,5,2,3,15448
6962181067,11/05/2016,1855,709,199,7,24,0,3,0,1,6722
6962181067,12/05/2016,928,127,105,8,0,0,2,0,0,3587
7007744171,12/04/2016,2937,1024,355,8,53,0,5,0,5,14172
7007744171,13/04/2016,2742,1101,261,22,56,0,4,1,5,12862
7007744171,14/04/2016,2668,1096,304,6,34,0,5,0,3,11179
7007744171,15/04/2016,2098,1238,202,0,0,0,4,0,0,5273
7007744171,16/04/2016,2076,1155,203,0,0,0,3,0,0,4631
7007744171,17/04/2016,2383,1135,305,0,0,0,5,0,0,8059
7007744171,18/04/2016,2832,1077,284,31,48,0,5,2,4,14816
7007744171,19/04/2016,2812,1066,304,17,53,0,5,1,4,14194
7007744171,20/04/2016,3096,1000,347,33,60,0,6,1,5,15566
7007744171,21/04/2016,2763,1049,327,34,30,0,5,2,2,13744
7007744171,22/04/2016,2889,1065,261,50,64,0,4,2,4,15299
7007744171,23/04/2016,2284,1190,223,25,2,0,4,1,0,8093
7007744171,24/04/2016,2667,1021,419,0,0,0,7,0,0,11085
7007744171,25/04/2016,3055,986,379,24,51,0,8,1,4,18229
7007744171,26/04/2016,2939,978,424,22,16,0,8,1,1,15090
7007744171,27/04/2016,2830,1041,337,12,50,0,5,1,4,13541
7007744171,28/04/2016,2836,1007,401,16,16,0,8,1,1,15128
7007744171,29/04/2016,3180,961,382,42,55,0,8,2,4,20067
7007744171,30/04/2016,2051,1240,200,0,0,0,3,0,0,3761
7007744171,01/05/2016,2225,1142,237,0,0,0,4,0,0,5600
7007744171,02/05/2016,2642,1112,250,14,64,0,4,1,5,13041
7007744171,03/05/2016,2976,1021,330,31,58,0,5,1,4,14510
7007744171,04/05/2016,1557,1440,0,0,0,0,0,0,0,0
7007744171,05/05/2016,2933,1047,317,23,53,0,5,1,4,15010
7007744171,06/05/2016,2553,1136,247,13,44,0,4,1,3,11459
7007744171,07/05/2016,120,111,0,0,0,0,0,0,0,0
7086361926,12/04/2016,2772,745,153,6,59,0,3,0,5,11317
7086361926,13/04/2016,2516,744,155,26,31,0,3,0,1,5813
7086361926,14/04/2016,2734,787,189,32,35,0,4,0,2,9123
7086361926,15/04/2016,2395,864,139,21,30,0,3,1,2,8585
7086361926,16/04/2016,1635,1437,3,0,0,0,0,0,0,31
7086361926,17/04/2016,1629,1440,0,0,0,0,0,0,0,0
7086361926,18/04/2016,2743,1136,114,51,61,0,2,1,3,9827
7086361926,19/04/2016,2944,671,124,69,67,0,3,1,4,10688
7086361926,20/04/2016,2997,797,145,13,87,0,3,0,8,14365
7086361926,21/04/2016,2463,758,206,6,19,0,5,0,1,9469
7086361926,22/04/2016,2846,762,153,59,58,0,3,1,3,9753
7086361926,23/04/2016,1965,1350,90,0,0,0,2,0,0,2817
7086361926,24/04/2016,2049,566,125,0,0,0,2,0,0,3520
7086361926,25/04/2016,2752,706,129,39,69,0,2,1,4,10091
7086361926,26/04/2016,2781,726,132,33,70,0,2,1,4,10387
7086361926,27/04/2016,2693,829,145,6,55,0,3,0,6,11107
7086361926,28/04/2016,2862,810,161,48,54,0,3,2,3,11584
7086361926,29/04/2016,2616,1198,182,36,24,0,4,0,0,7881
7086361926,30/04/2016,2995,584,308,17,42,0,5,1,3,14560
7086361926,01/05/2016,2730,685,258,15,30,0,5,1,2,12390
7086361926,02/05/2016,2754,737,139,26,66,0,3,1,3,10052
7086361926,03/05/2016,2754,761,152,36,57,0,3,1,3,10288
7086361926,04/05/2016,2655,843,135,12,45,0,3,0,5,10988
7086361926,05/05/2016,2386,1253,149,14,24,0,3,1,2,8564
7086361926,06/05/2016,2924,834,154,35,84,0,3,1,4,12461
7086361926,07/05/2016,2739,621,209,42,20,0,5,2,1,12827
7086361926,08/05/2016,2534,695,147,27,32,0,3,2,2,10677
7086361926,09/05/2016,2960,743,171,50,67,0,3,2,4,13566
7086361926,10/05/2016,2800,1182,106,23,72,0,2,1,7,14433
7086361926,11/05/2016,2735,757,128,40,57,0,2,1,3,9572
7086361926,12/05/2016,1199,343,58,4,5,0,2,0,0,3789
8053475328,12/04/2016,3186,1193,123,8,116,0,2,0,12,18060
8053475328,13/04/2016,3140,1177,156,12,95,0,2,0,10,16433
8053475328,14/04/2016,3411,1123,193,5,119,0,3,0,12,20159
8053475328,15/04/2016,3410,1142,158,8,132,0,3,0,13,20669
8053475328,16/04/2016,2867,1255,83,6,96,0,1,0,9,14549
8053475328,17/04/2016,3213,1113,195,21,111,0,4,1,9,18827
8053475328,18/04/2016,3133,1137,195,6,102,0,3,0,9,17076
8053475328,19/04/2016,3114,1152,191,7,90,0,3,0,9,15929
8053475328,20/04/2016,3043,695,158,5,89,0,2,0,10,15108
8053475328,21/04/2016,3103,1164,170,6,100,0,3,0,10,16057
8053475328,22/04/2016,2655,1260,117,3,60,0,2,0,6,10520
8053475328,23/04/2016,3554,741,223,14,125,0,4,1,13,22359
8053475328,24/04/2016,3577,1096,182,33,129,0,3,2,13,22988
8053475328,25/04/2016,3403,1104,209,9,118,0,4,0,11,20500
8053475328,26/04/2016,2846,1182,185,5,68,0,3,0,6,12685
8053475328,27/04/2016,2852,1187,183,10,60,0,3,0,6,12422
8053475328,28/04/2016,3062,1188,153,9,90,0,2,0,10,15447
8053475328,29/04/2016,2794,1215,159,8,58,0,3,0,6,12315
8053475328,30/04/2016,2408,1281,131,1,27,0,3,0,3,7135
8053475328,01/05/2016,1886,1389,51,0,0,0,1,0,0,1170
8053475328,02/05/2016,1988,1345,95,0,0,0,1,0,0,1969
8053475328,03/05/2016,3023,1166,165,22,87,0,3,1,8,15484
8053475328,04/05/2016,2918,1220,123,8,89,0,2,0,9,14581
8053475328,05/05/2016,2950,1208,130,9,93,0,2,0,9,14990
8053475328,06/05/2016,2859,1245,90,15,90,0,1,1,9,13953
8053475328,07/05/2016,3331,1076,148,20,121,0,2,1,12,19769
8053475328,08/05/2016,3589,1073,228,14,125,0,4,1,13,22026
8053475328,09/05/2016,2765,1214,148,12,66,0,3,1,6,12465
8053475328,10/05/2016,2926,1219,115,10,96,0,2,0,9,14810
8053475328,11/05/2016,2809,1189,184,7,60,0,3,0,6,12209
8053475328,12/05/2016,1505,839,39,4,28,0,1,0,3,4998
8253242879,12/04/2016,2044,1244,154,2,40,0,2,0,5,9033
8253242879,13/04/2016,1935,1298,96,11,35,0,1,1,4,8053
8253242879,14/04/2016,1705,1362,33,16,29,0,1,1,2,5234
8253242879,15/04/2016,1632,1335,105,0,0,0,2,0,0,2672
8253242879,16/04/2016,1880,1268,115,51,6,0,2,3,0,9256
8253242879,17/04/2016,2112,1237,157,5,41,0,2,0,5,10204
8253242879,18/04/2016,1829,1278,130,16,16,0,2,1,1,5151
8253242879,19/04/2016,1763,1276,164,0,0,0,3,0,0,4212
8253242879,20/04/2016,1931,1201,216,18,5,0,3,1,0,6466
8253242879,21/04/2016,2218,1199,172,20,49,0,2,1,6,11268
8253242879,22/04/2016,1651,1320,120,0,0,0,2,0,0,2824
8253242879,23/04/2016,2132,1193,191,26,30,0,3,1,2,9282
8253242879,24/04/2016,1976,1313,82,4,41,0,1,0,6,8905
8253242879,25/04/2016,1909,1261,118,54,7,0,2,2,0,6829
8253242879,26/04/2016,1813,1299,108,14,19,0,1,0,1,4562
8253242879,27/04/2016,2008,1286,104,5,45,0,2,0,6,10232
8253242879,28/04/2016,1580,1393,20,16,11,0,0,1,1,2718
8253242879,29/04/2016,1854,1257,136,14,16,0,2,1,1,6260
8253242879,30/04/2016,0,1440,0,0,0,0,0,0,0,0
8378563200,12/04/2016,3635,723,156,15,65,0,5,1,1,7626
8378563200,13/04/2016,4079,680,169,14,116,0,4,1,5,12386
8378563200,14/04/2016,4163,699,174,21,123,0,4,1,6,13318
8378563200,15/04/2016,3666,729,190,23,60,0,5,1,5,14461
8378563200,16/04/2016,3363,563,142,21,64,0,2,1,5,11207
8378563200,17/04/2016,2572,599,93,0,0,0,2,0,0,2132
8378563200,18/04/2016,4157,720,174,10,117,0,5,1,5,13630
8378563200,19/04/2016,4092,737,154,19,120,0,4,1,5,13070
8378563200,20/04/2016,3787,763,169,8,82,0,5,0,2,9388
8378563200,21/04/2016,4236,677,145,16,137,0,4,1,7,15148
8378563200,22/04/2016,4044,769,159,12,113,0,4,1,5,12200
8378563200,23/04/2016,2908,740,136,10,19,0,2,1,2,5709
8378563200,24/04/2016,2741,734,135,0,0,0,3,0,0,3703
8378563200,25/04/2016,4005,692,141,16,117,0,4,1,5,12405
8378563200,26/04/2016,3763,593,161,18,90,0,4,1,8,16208
8378563200,27/04/2016,3061,676,192,4,4,0,5,0,0,7359
8378563200,28/04/2016,2884,711,139,10,11,0,3,0,1,5417
8378563200,29/04/2016,2982,767,172,7,3,0,4,0,0,6175
8378563200,30/04/2016,2660,780,121,0,0,0,2,0,0,2946
8378563200,01/05/2016,3369,669,127,10,71,0,2,1,6,11419
8378563200,02/05/2016,3491,802,142,4,63,0,4,0,1,6064
8378563200,03/05/2016,3784,822,195,20,71,0,5,1,1,8712
8378563200,04/05/2016,3110,680,167,10,19,0,4,0,2,7875
8378563200,05/05/2016,3783,764,214,3,66,0,6,0,1,8567
8378563200,06/05/2016,3644,831,166,5,74,0,4,0,2,7045
8378563200,07/05/2016,2799,851,158,0,0,0,4,0,0,4468
8378563200,08/05/2016,2685,621,139,0,0,0,2,0,0,2943
8378563200,09/05/2016,3721,772,171,13,71,0,5,1,1,8382
8378563200,10/05/2016,3586,840,152,13,63,0,4,1,1,6582
8378563200,11/05/2016,3788,763,184,10,72,0,5,1,1,9143
8378563200,12/05/2016,1976,433,102,6,8,0,3,0,1,4561
8583815059,12/04/2016,2650,1237,196,7,0,0,4,0,0,5014
8583815059,13/04/2016,2654,1252,163,23,2,0,3,1,0,5571
8583815059,14/04/2016,2443,1306,134,0,0,0,2,0,0,3135
8583815059,15/04/2016,2505,1375,65,0,0,0,1,0,0,3430
8583815059,16/04/2016,2693,1440,0,0,0,0,0,0,0,5319
8583815059,17/04/2016,2439,1440,0,0,0,0,0,0,0,3008
8583815059,18/04/2016,2536,1309,105,22,4,0,1,1,0,3864
8583815059,19/04/2016,2668,1257,166,10,7,0,3,0,1,5697
8583815059,20/04/2016,2647,1246,167,27,0,0,3,1,0,5273
8583815059,21/04/2016,2883,1229,158,18,35,0,3,1,3,8538
8583815059,22/04/2016,2944,1170,212,54,4,0,4,2,0,8687
8583815059,23/04/2016,3012,1151,238,44,7,0,5,2,1,9423
8583815059,24/04/2016,2889,1188,206,44,2,0,4,2,0,8286
8583815059,25/04/2016,2547,1294,122,6,18,0,2,0,1,4503
8583815059,26/04/2016,3093,1134,214,91,1,0,4,4,0,10499
8583815059,27/04/2016,3142,1229,129,5,77,0,3,0,7,12474
8583815059,28/04/2016,2757,1209,203,28,0,0,4,1,0,6174
8583815059,29/04/2016,3513,1069,258,67,46,0,5,3,4,15168
8583815059,30/04/2016,3164,1093,317,28,2,0,6,1,0,10085
8583815059,01/05/2016,2596,1311,117,2,10,0,2,0,1,4512
8583815059,02/05/2016,2894,1440,0,0,0,0,0,0,0,8469
8583815059,03/05/2016,3212,1440,0,0,0,0,0,0,0,12015
8583815059,04/05/2016,2516,1440,0,0,0,0,0,0,0,3588
8583815059,05/05/2016,3266,1370,70,0,0,0,1,0,0,12427
8583815059,06/05/2016,2683,1250,166,22,2,0,3,1,0,5843
8583815059,07/05/2016,2810,1190,250,0,0,0,5,0,0,6117
8583815059,08/05/2016,2940,1183,182,72,3,0,4,3,0,9217
8583815059,09/05/2016,2947,1260,110,4,66,0,2,0,6,9877
8583815059,10/05/2016,2846,1226,162,43,9,0,4,2,1,8240
8583815059,11/05/2016,2804,1106,177,71,5,0,3,3,0,8701
8583815059,12/05/2016,0,1440,0,0,0,0,0,0,0,0
8792009665,12/04/2016,2044,831,116,0,0,0,2,0,0,2564
8792009665,13/04/2016,1934,806,82,0,0,0,1,0,0,1320
8792009665,14/04/2016,1963,853,84,0,0,0,1,0,0,1219
8792009665,15/04/2016,2009,937,126,0,0,0,2,0,0,2483
8792009665,16/04/2016,1721,1428,12,0,0,0,0,0,0,244
8792009665,17/04/2016,1688,1440,0,0,0,0,0,0,0,0
8792009665,18/04/2016,1688,1440,0,0,0,0,0,0,0,0
8792009665,19/04/2016,1688,1440,0,0,0,0,0,0,0,0
8792009665,20/04/2016,2188,744,139,10,0,0,2,0,0,3147
8792009665,21/04/2016,1720,1431,9,0,0,0,0,0,0,144
8792009665,22/04/2016,2419,817,195,20,1,0,2,0,0,4068
8792009665,23/04/2016,2748,795,232,45,8,0,3,0,0,5245
8792009665,24/04/2016,1799,1410,19,8,3,0,0,0,0,400
8792009665,25/04/2016,1688,1440,0,0,0,0,0,0,0,0
8792009665,26/04/2016,1928,1360,80,0,0,0,1,0,0,1321
8792009665,27/04/2016,2067,900,112,0,0,0,1,0,0,1758
8792009665,28/04/2016,2780,714,310,0,0,0,4,0,0,6157
8792009665,29/04/2016,3101,634,380,14,6,0,5,0,0,8360
8792009665,30/04/2016,2896,749,301,20,10,0,4,0,0,7174
8792009665,01/05/2016,1962,834,79,0,0,0,1,0,0,1619
8792009665,02/05/2016,2015,916,101,0,0,0,1,0,0,1831
8792009665,03/05/2016,2297,739,156,0,0,0,2,0,0,2421
8792009665,04/05/2016,2067,848,129,0,0,0,1,0,0,2283
8792009665,05/05/2016,1688,1440,0,0,0,0,0,0,0,0
8792009665,06/05/2016,1688,1440,0,0,0,0,0,0,0,0
8792009665,07/05/2016,1688,1440,0,0,0,0,0,0,0,0
8792009665,08/05/2016,1688,1440,0,0,0,0,0,0,0,0
8792009665,09/05/2016,1688,1440,0,0,0,0,0,0,0,0
8792009665,10/05/2016,57,48,0,0,0,0,0,0,0,0
8877689391,12/04/2016,3921,1036,312,7,85,0,8,0,12,23186
8877689391,13/04/2016,3566,1098,216,18,108,0,6,0,4,15337
8877689391,14/04/2016,3793,1061,298,13,68,0,8,1,11,21129
8877689391,15/04/2016,3934,1052,281,1,106,0,7,0,0,13422
8877689391,16/04/2016,4547,888,429,29,94,0,11,1,13,29326
8877689391,17/04/2016,3545,1060,307,15,58,0,9,0,0,15118
8877689391,18/04/2016,2761,1215,191,5,29,0,6,0,2,11423
8877689391,19/04/2016,3676,1131,214,13,82,0,5,0,12,18785
8877689391,20/04/2016,3679,1123,225,19,73,0,6,1,11,19948
8877689391,21/04/2016,3659,1119,226,13,82,0,5,0,12,19377
8877689391,22/04/2016,3427,1141,236,2,61,0,6,0,10,18258
8877689391,23/04/2016,3891,1032,300,6,102,0,7,0,0,11200
8877689391,24/04/2016,3455,1148,227,1,64,0,5,0,11,16674
8877689391,25/04/2016,3802,1101,218,8,113,0,6,0,2,12986
8877689391,26/04/2016,2860,1157,258,3,22,0,7,0,2,11101
8877689391,27/04/2016,3808,1104,235,8,93,0,7,0,13,23629
8877689391,28/04/2016,3060,1143,231,8,58,0,6,0,5,14890
8877689391,29/04/2016,2698,1207,210,5,18,0,6,0,1,9733
8877689391,30/04/2016,4398,1089,223,4,124,0,5,0,22,27745
8877689391,01/05/2016,2786,1226,166,12,36,0,5,1,3,10930
8877689391,02/05/2016,2189,1335,105,0,0,0,4,0,0,4790
8877689391,03/05/2016,2817,1189,229,3,19,0,7,0,1,10818
8877689391,04/05/2016,3477,1154,212,8,66,0,6,0,10,18193
8877689391,05/05/2016,3052,1170,188,15,67,0,4,1,5,14055
8877689391,06/05/2016,4015,1095,232,17,96,0,6,0,13,21727
8877689391,07/05/2016,4142,1036,271,28,105,0,7,1,0,12332
8877689391,08/05/2016,2847,1174,245,4,17,0,7,0,1,10686
8877689391,09/05/2016,3710,1131,217,19,73,0,6,1,11,20226
8877689391,10/05/2016,2832,1187,224,11,18,0,6,0,1,10733
8877689391,11/05/2016,3832,1127,213,12,88,0,6,0,13,21420
8877689391,12/05/2016,1849,770,137,1,23,0,4,0,2,8064
